[launch] capella_ros_msg=/home/linux/python/capella_clean_garbage/install/capella_ros_msg
[launch] nav2_behavior_tree=/home/linux/ws2/ros_ws/navigation2/install/nav2_behavior_tree
[launch] LD has vision? 0
[INFO] [launch]: All log files can be found below /home/linux/ws2/ros_ws/navigation2/.ros_home/log/2026-07-28-13-58-38-981740-DESKTOP-230CIAL-2121676
[INFO] [launch]: Default logging verbosity is set to INFO
[INFO] [gzserver-1]: process started with pid [2121781]
[INFO] [gzclient-2]: process started with pid [2121783]
[INFO] [spawn_entity.py-3]: process started with pid [2121785]
[INFO] [robot_state_publisher-4]: process started with pid [2121787]
[INFO] [rviz2-5]: process started with pid [2121789]
[INFO] [component_container_isolated-6]: process started with pid [2121791]
[robot_state_publisher-4] [INFO] [1785218319.615314147] [robot_state_publisher]: got segment base_footprint
[robot_state_publisher-4] [INFO] [1785218319.615409958] [robot_state_publisher]: got segment base_link
[robot_state_publisher-4] [INFO] [1785218319.615416506] [robot_state_publisher]: got segment base_scan
[robot_state_publisher-4] [INFO] [1785218319.615419010] [robot_state_publisher]: got segment camera_depth_frame
[robot_state_publisher-4] [INFO] [1785218319.615421517] [robot_state_publisher]: got segment camera_depth_optical_frame
[robot_state_publisher-4] [INFO] [1785218319.615424223] [robot_state_publisher]: got segment camera_link
[robot_state_publisher-4] [INFO] [1785218319.615426524] [robot_state_publisher]: got segment camera_rgb_frame
[robot_state_publisher-4] [INFO] [1785218319.615428710] [robot_state_publisher]: got segment camera_rgb_optical_frame
[robot_state_publisher-4] [INFO] [1785218319.615430867] [robot_state_publisher]: got segment caster_back_left_link
[robot_state_publisher-4] [INFO] [1785218319.615433013] [robot_state_publisher]: got segment caster_back_right_link
[robot_state_publisher-4] [INFO] [1785218319.615435027] [robot_state_publisher]: got segment imu_link
[robot_state_publisher-4] [INFO] [1785218319.615437282] [robot_state_publisher]: got segment wheel_left_link
[robot_state_publisher-4] [INFO] [1785218319.615439454] [robot_state_publisher]: got segment wheel_right_link
[rviz2-5] QStandardPaths: wrong permissions on runtime directory /run/user/1000/, 0755 instead of 0700
[component_container_isolated-6] [INFO] [1785218319.762149407] [nav2_container]: Load Library: /opt/ros/humble/lib/libcontroller_server_core.so
[component_container_isolated-6] [INFO] [1785218319.790939227] [nav2_container]: Found class: rclcpp_components::NodeFactoryTemplate<nav2_controller::ControllerServer>
[component_container_isolated-6] [INFO] [1785218319.790986090] [nav2_container]: Instantiate class: rclcpp_components::NodeFactoryTemplate<nav2_controller::ControllerServer>
[component_container_isolated-6] [INFO] [1785218319.878837307] [controller_server]: 
[component_container_isolated-6] 	controller_server lifecycle node launched. 
[component_container_isolated-6] 	Waiting on external lifecycle transitions to activate
[component_container_isolated-6] 	See https://design.ros2.org/articles/node_lifecycle.html for more information.
[component_container_isolated-6] [INFO] [1785218319.892975088] [controller_server]: Creating controller server
[component_container_isolated-6] [INFO] [1785218319.949501758] [local_costmap.local_costmap]: 
[component_container_isolated-6] 	local_costmap lifecycle node launched. 
[component_container_isolated-6] 	Waiting on external lifecycle transitions to activate
[component_container_isolated-6] 	See https://design.ros2.org/articles/node_lifecycle.html for more information.
[component_container_isolated-6] [INFO] [1785218319.950082716] [local_costmap.local_costmap]: Creating Costmap
[component_container_isolated-6] [INFO] [1785218319.961579517] [nav2_container]: Load Library: /opt/ros/humble/lib/libmap_server_core.so
[INFO] [launch_ros.actions.load_composable_nodes]: Loaded node '/controller_server' in container '/nav2_container'
[component_container_isolated-6] [INFO] [1785218319.993074746] [nav2_container]: Found class: rclcpp_components::NodeFactoryTemplate<nav2_map_server::CostmapFilterInfoServer>
[component_container_isolated-6] [INFO] [1785218319.997218479] [nav2_container]: Found class: rclcpp_components::NodeFactoryTemplate<nav2_map_server::MapSaver>
[component_container_isolated-6] [INFO] [1785218319.997228627] [nav2_container]: Found class: rclcpp_components::NodeFactoryTemplate<nav2_map_server::MapServer>
[component_container_isolated-6] [INFO] [1785218319.997232043] [nav2_container]: Instantiate class: rclcpp_components::NodeFactoryTemplate<nav2_map_server::MapServer>
[component_container_isolated-6] [INFO] [1785218320.060665131] [map_server]: 
[component_container_isolated-6] 	map_server lifecycle node launched. 
[component_container_isolated-6] 	Waiting on external lifecycle transitions to activate
[component_container_isolated-6] 	See https://design.ros2.org/articles/node_lifecycle.html for more information.
[component_container_isolated-6] [INFO] [1785218320.061395636] [map_server]: Creating
[component_container_isolated-6] [INFO] [1785218320.061783523] [nav2_container]: Load Library: /opt/ros/humble/lib/libsmoother_server_core.so
[INFO] [launch_ros.actions.load_composable_nodes]: Loaded node '/map_server' in container '/nav2_container'
[component_container_isolated-6] [INFO] [1785218320.071436380] [nav2_container]: Found class: rclcpp_components::NodeFactoryTemplate<nav2_smoother::SmootherServer>
[component_container_isolated-6] [INFO] [1785218320.071488788] [nav2_container]: Instantiate class: rclcpp_components::NodeFactoryTemplate<nav2_smoother::SmootherServer>
[component_container_isolated-6] [INFO] [1785218320.126981538] [smoother_server]: 
[component_container_isolated-6] 	smoother_server lifecycle node launched. 
[component_container_isolated-6] 	Waiting on external lifecycle transitions to activate
[component_container_isolated-6] 	See https://design.ros2.org/articles/node_lifecycle.html for more information.
[component_container_isolated-6] [INFO] [1785218320.127978137] [smoother_server]: Creating smoother server
[component_container_isolated-6] [INFO] [1785218320.128331384] [nav2_container]: Load Library: /opt/ros/humble/lib/libamcl_core.so
[INFO] [launch_ros.actions.load_composable_nodes]: Loaded node '/smoother_server' in container '/nav2_container'
[component_container_isolated-6] [INFO] [1785218320.136426220] [nav2_container]: Found class: rclcpp_components::NodeFactoryTemplate<nav2_amcl::AmclNode>
[component_container_isolated-6] [INFO] [1785218320.136506821] [nav2_container]: Instantiate class: rclcpp_components::NodeFactoryTemplate<nav2_amcl::AmclNode>
[component_container_isolated-6] [INFO] [1785218320.193627847] [amcl]: 
[component_container_isolated-6] 	amcl lifecycle node launched. 
[component_container_isolated-6] 	Waiting on external lifecycle transitions to activate
[component_container_isolated-6] 	See https://design.ros2.org/articles/node_lifecycle.html for more information.
[component_container_isolated-6] [INFO] [1785218320.194109694] [amcl]: Creating
[component_container_isolated-6] [INFO] [1785218320.210914979] [nav2_container]: Load Library: /opt/ros/humble/lib/libplanner_server_core.so
[component_container_isolated-6] [INFO] [1785218320.212676543] [nav2_container]: Found class: rclcpp_components::NodeFactoryTemplate<nav2_planner::PlannerServer>
[component_container_isolated-6] [INFO] [1785218320.212700801] [nav2_container]: Instantiate class: rclcpp_components::NodeFactoryTemplate<nav2_planner::PlannerServer>
[INFO] [launch_ros.actions.load_composable_nodes]: Loaded node '/amcl' in container '/nav2_container'
[component_container_isolated-6] [INFO] [1785218320.281249029] [planner_server]: 
[component_container_isolated-6] 	planner_server lifecycle node launched. 
[component_container_isolated-6] 	Waiting on external lifecycle transitions to activate
[component_container_isolated-6] 	See https://design.ros2.org/articles/node_lifecycle.html for more information.
[component_container_isolated-6] [INFO] [1785218320.282177688] [planner_server]: Creating
[component_container_isolated-6] [INFO] [1785218320.362114346] [global_costmap.global_costmap]: 
[component_container_isolated-6] 	global_costmap lifecycle node launched. 
[component_container_isolated-6] 	Waiting on external lifecycle transitions to activate
[component_container_isolated-6] 	See https://design.ros2.org/articles/node_lifecycle.html for more information.
[component_container_isolated-6] [INFO] [1785218320.362415034] [global_costmap.global_costmap]: Creating Costmap
[component_container_isolated-6] [INFO] [1785218320.367962160] [nav2_container]: Load Library: /opt/ros/humble/lib/libnav2_lifecycle_manager_core.so
[component_container_isolated-6] [INFO] [1785218320.369171490] [nav2_container]: Found class: rclcpp_components::NodeFactoryTemplate<nav2_lifecycle_manager::LifecycleManager>
[component_container_isolated-6] [INFO] [1785218320.369204226] [nav2_container]: Instantiate class: rclcpp_components::NodeFactoryTemplate<nav2_lifecycle_manager::LifecycleManager>
[INFO] [launch_ros.actions.load_composable_nodes]: Loaded node '/planner_server' in container '/nav2_container'
[component_container_isolated-6] [INFO] [1785218320.420499109] [lifecycle_manager_localization]: Creating
[INFO] [launch_ros.actions.load_composable_nodes]: Loaded node '/lifecycle_manager_localization' in container '/nav2_container'
[component_container_isolated-6] [INFO] [1785218320.437355804] [nav2_container]: Load Library: /opt/ros/humble/lib/libbehavior_server_core.so
[component_container_isolated-6] [INFO] [1785218320.442517029] [lifecycle_manager_localization]: [34m[1mCreating and initializing lifecycle service clients[0m[0m
[component_container_isolated-6] [INFO] [1785218320.453072447] [nav2_container]: Found class: rclcpp_components::NodeFactoryTemplate<behavior_server::BehaviorServer>
[component_container_isolated-6] [INFO] [1785218320.453114885] [nav2_container]: Instantiate class: rclcpp_components::NodeFactoryTemplate<behavior_server::BehaviorServer>
[component_container_isolated-6] [INFO] [1785218320.477234541] [lifecycle_manager_localization]: [34m[1mStarting managed nodes bringup...[0m[0m
[component_container_isolated-6] [INFO] [1785218320.477284798] [lifecycle_manager_localization]: [34m[1mConfiguring map_server[0m[0m
[component_container_isolated-6] [INFO] [1785218320.477755945] [map_server]: Configuring
[component_container_isolated-6] [INFO] [1785218320.477857706] [map_io]: Loading yaml file: /home/linux/ws2/map/blank_100x100.yaml
[component_container_isolated-6] [INFO] [1785218320.478154678] [map_io]: resolution: 0.05
[component_container_isolated-6] [INFO] [1785218320.478162794] [map_io]: origin[0]: -50
[component_container_isolated-6] [INFO] [1785218320.478165030] [map_io]: origin[1]: -50
[component_container_isolated-6] [INFO] [1785218320.478166989] [map_io]: origin[2]: 0
[component_container_isolated-6] [INFO] [1785218320.478169100] [map_io]: free_thresh: 0.25
[component_container_isolated-6] [INFO] [1785218320.478171077] [map_io]: occupied_thresh: 0.65
[component_container_isolated-6] [INFO] [1785218320.478173368] [map_io]: mode: trinary
[component_container_isolated-6] [INFO] [1785218320.478175801] [map_io]: negate: 0
[component_container_isolated-6] [INFO] [1785218320.478814657] [map_io]: Loading image_file: /home/linux/ws2/map/blank_100x100.pgm
[component_container_isolated-6] [INFO] [1785218320.547691147] [behavior_server]: 
[component_container_isolated-6] 	behavior_server lifecycle node launched. 
[component_container_isolated-6] 	Waiting on external lifecycle transitions to activate
[component_container_isolated-6] 	See https://design.ros2.org/articles/node_lifecycle.html for more information.
[INFO] [launch_ros.actions.load_composable_nodes]: Loaded node '/behavior_server' in container '/nav2_container'
[component_container_isolated-6] [INFO] [1785218320.564365756] [nav2_container]: Load Library: /home/linux/ws2/ros_ws/navigation2/install/nav2_bt_navigator/lib/libbt_navigator_core.so
[component_container_isolated-6] [INFO] [1785218320.586375962] [nav2_container]: Found class: rclcpp_components::NodeFactoryTemplate<nav2_bt_navigator::BtNavigator>
[component_container_isolated-6] [INFO] [1785218320.586465885] [nav2_container]: Instantiate class: rclcpp_components::NodeFactoryTemplate<nav2_bt_navigator::BtNavigator>
[component_container_isolated-6] [INFO] [1785218320.675528506] [bt_navigator]: 
[component_container_isolated-6] 	bt_navigator lifecycle node launched. 
[component_container_isolated-6] 	Waiting on external lifecycle transitions to activate
[component_container_isolated-6] 	See https://design.ros2.org/articles/node_lifecycle.html for more information.
[component_container_isolated-6] [INFO] [1785218320.675577126] [bt_navigator]: Creating
[INFO] [launch_ros.actions.load_composable_nodes]: Loaded node '/bt_navigator' in container '/nav2_container'
[component_container_isolated-6] [INFO] [1785218320.681748839] [nav2_container]: Load Library: /opt/ros/humble/lib/libwaypoint_follower_core.so
[component_container_isolated-6] [INFO] [1785218320.682938297] [nav2_container]: Found class: rclcpp_components::NodeFactoryTemplate<nav2_waypoint_follower::WaypointFollower>
[component_container_isolated-6] [INFO] [1785218320.682968891] [nav2_container]: Instantiate class: rclcpp_components::NodeFactoryTemplate<nav2_waypoint_follower::WaypointFollower>
[spawn_entity.py-3] [INFO] [1785218320.808115946] [spawn_entity]: Spawn Entity started
[spawn_entity.py-3] [INFO] [1785218320.812212541] [spawn_entity]: Loading entity XML from file /opt/ros/humble/share/turtlebot3_gazebo/models/turtlebot3_burger/model.sdf
[spawn_entity.py-3] [INFO] [1785218320.816820541] [spawn_entity]: Waiting for service /spawn_entity, timeout = 30
[spawn_entity.py-3] [INFO] [1785218320.817034060] [spawn_entity]: Waiting for service /spawn_entity
[component_container_isolated-6] [INFO] [1785218321.073553028] [waypoint_follower]: 
[component_container_isolated-6] 	waypoint_follower lifecycle node launched. 
[component_container_isolated-6] 	Waiting on external lifecycle transitions to activate
[component_container_isolated-6] 	See https://design.ros2.org/articles/node_lifecycle.html for more information.
[component_container_isolated-6] [INFO] [1785218321.074090237] [waypoint_follower]: Creating
[INFO] [launch_ros.actions.load_composable_nodes]: Loaded node '/waypoint_follower' in container '/nav2_container'
[component_container_isolated-6] [INFO] [1785218321.082145266] [nav2_container]: Load Library: /opt/ros/humble/lib/libvelocity_smoother_core.so
[component_container_isolated-6] [INFO] [1785218321.083335703] [nav2_container]: Found class: rclcpp_components::NodeFactoryTemplate<nav2_velocity_smoother::VelocitySmoother>
[component_container_isolated-6] [INFO] [1785218321.083373148] [nav2_container]: Instantiate class: rclcpp_components::NodeFactoryTemplate<nav2_velocity_smoother::VelocitySmoother>
[component_container_isolated-6] [INFO] [1785218321.124223729] [map_io]: Read map /home/linux/ws2/map/blank_100x100.pgm: 2000 X 2000 map @ 0.05 m/cell
[component_container_isolated-6] [INFO] [1785218321.159486399] [lifecycle_manager_localization]: [34m[1mConfiguring amcl[0m[0m
[component_container_isolated-6] [INFO] [1785218321.159792768] [amcl]: Configuring
[component_container_isolated-6] [INFO] [1785218321.159933431] [amcl]: initTransforms
[INFO] [launch_ros.actions.load_composable_nodes]: Loaded node '/velocity_smoother' in container '/nav2_container'
[component_container_isolated-6] [INFO] [1785218321.208117851] [velocity_smoother]: 
[component_container_isolated-6] 	velocity_smoother lifecycle node launched. 
[component_container_isolated-6] 	Waiting on external lifecycle transitions to activate
[component_container_isolated-6] 	See https://design.ros2.org/articles/node_lifecycle.html for more information.
[component_container_isolated-6] [INFO] [1785218321.214894081] [nav2_container]: Found class: rclcpp_components::NodeFactoryTemplate<nav2_lifecycle_manager::LifecycleManager>
[component_container_isolated-6] [INFO] [1785218321.214924255] [nav2_container]: Instantiate class: rclcpp_components::NodeFactoryTemplate<nav2_lifecycle_manager::LifecycleManager>
[component_container_isolated-6] [INFO] [1785218321.217235408] [amcl]: initPubSub
[component_container_isolated-6] [INFO] [1785218321.258496697] [amcl]: Subscribed to map topic.
[component_container_isolated-6] [INFO] [1785218321.283716587] [lifecycle_manager_navigation]: Creating
[component_container_isolated-6] [INFO] [1785218321.284336245] [lifecycle_manager_localization]: [34m[1mActivating map_server[0m[0m
[component_container_isolated-6] [INFO] [1785218321.284629557] [map_server]: Activating
[component_container_isolated-6] [INFO] [1785218321.293554154] [map_server]: Creating bond (map_server) to lifecycle manager.
[component_container_isolated-6] [INFO] [1785218321.298378591] [amcl]: Received a 2000 X 2000 map @ 0.050 m/pix
[component_container_isolated-6] [INFO] [1785218321.310462531] [lifecycle_manager_navigation]: [34m[1mCreating and initializing lifecycle service clients[0m[0m
[INFO] [launch_ros.actions.load_composable_nodes]: Loaded node '/lifecycle_manager_navigation' in container '/nav2_container'
[component_container_isolated-6] [INFO] [1785218321.412224230] [lifecycle_manager_localization]: Server map_server connected with bond.
[component_container_isolated-6] [INFO] [1785218321.412262374] [lifecycle_manager_localization]: [34m[1mActivating amcl[0m[0m
[component_container_isolated-6] [INFO] [1785218321.428717242] [lifecycle_manager_navigation]: [34m[1mStarting managed nodes bringup...[0m[0m
[component_container_isolated-6] [INFO] [1785218321.428773735] [lifecycle_manager_navigation]: [34m[1mConfiguring controller_server[0m[0m
[component_container_isolated-6] [INFO] [1785218321.429149255] [controller_server]: Configuring controller interface
[component_container_isolated-6] [INFO] [1785218321.429588430] [controller_server]: getting goal checker plugins..
[component_container_isolated-6] [INFO] [1785218321.429901769] [controller_server]: Controller frequency set to 20.0000Hz
[component_container_isolated-6] [INFO] [1785218321.429955857] [local_costmap.local_costmap]: Configuring
[component_container_isolated-6] [INFO] [1785218321.464409179] [local_costmap.local_costmap]: Using plugin "voxel_layer"
[component_container_isolated-6] [INFO] [1785218321.490936006] [local_costmap.local_costmap]: Subscribed to Topics: scan
[component_container_isolated-6] [INFO] [1785218321.511575100] [local_costmap.local_costmap]: Initialized plugin "voxel_layer"
[component_container_isolated-6] [INFO] [1785218321.511607737] [local_costmap.local_costmap]: Using plugin "inflation_layer"
[component_container_isolated-6] [INFO] [1785218321.515495713] [local_costmap.local_costmap]: Initialized plugin "inflation_layer"
[component_container_isolated-6] [INFO] [1785218321.547974090] [controller_server]: Created progress_checker : progress_checker of type nav2_controller::SimpleProgressChecker
[component_container_isolated-6] [INFO] [1785218321.554886474] [controller_server]: Created goal checker : general_goal_checker of type nav2_controller::SimpleGoalChecker
[component_container_isolated-6] [INFO] [1785218321.556164918] [controller_server]: Controller Server has general_goal_checker  goal checkers available.
[component_container_isolated-6] [INFO] [1785218321.558931655] [controller_server]: Created controller : FollowPath of type dwb_core::DWBLocalPlanner
[component_container_isolated-6] [INFO] [1785218321.564846601] [controller_server]: Setting transform_tolerance to 0.200000
[component_container_isolated-6] [INFO] [1785218321.617862320] [controller_server]: Using critic "RotateToGoal" (dwb_critics::RotateToGoalCritic)
[component_container_isolated-6] [INFO] [1785218321.622775760] [controller_server]: Critic plugin initialized
[component_container_isolated-6] [INFO] [1785218321.623153958] [controller_server]: Using critic "Oscillation" (dwb_critics::OscillationCritic)
[component_container_isolated-6] [INFO] [1785218321.626741401] [controller_server]: Critic plugin initialized
[component_container_isolated-6] [INFO] [1785218321.627230034] [controller_server]: Using critic "BaseObstacle" (dwb_critics::BaseObstacleCritic)
[component_container_isolated-6] [INFO] [1785218321.628102740] [controller_server]: Critic plugin initialized
[component_container_isolated-6] [INFO] [1785218321.628634313] [controller_server]: Using critic "GoalAlign" (dwb_critics::GoalAlignCritic)
[component_container_isolated-6] [INFO] [1785218321.630715379] [controller_server]: Critic plugin initialized
[component_container_isolated-6] [INFO] [1785218321.630778212] [controller_server]: Using critic "PathAlign" (dwb_critics::PathAlignCritic)
[component_container_isolated-6] [INFO] [1785218321.630871783] [controller_server]: Critic plugin initialized
[component_container_isolated-6] [INFO] [1785218321.630929684] [controller_server]: Using critic "PathDist" (dwb_critics::PathDistCritic)
[component_container_isolated-6] [INFO] [1785218321.630998514] [controller_server]: Critic plugin initialized
[component_container_isolated-6] [INFO] [1785218321.631030840] [controller_server]: Using critic "GoalDist" (dwb_critics::GoalDistCritic)
[component_container_isolated-6] [INFO] [1785218321.631093337] [controller_server]: Critic plugin initialized
[component_container_isolated-6] [INFO] [1785218321.631104200] [controller_server]: Controller Server has FollowPath  controllers available.
[component_container_isolated-6] [INFO] [1785218321.648143436] [amcl]: Activating
[component_container_isolated-6] [INFO] [1785218321.648195267] [amcl]: Creating bond (amcl) to lifecycle manager.
[component_container_isolated-6] [INFO] [1785218321.673588655] [lifecycle_manager_navigation]: [34m[1mConfiguring smoother_server[0m[0m
[component_container_isolated-6] [INFO] [1785218321.674460505] [smoother_server]: Configuring smoother server
[component_container_isolated-6] [INFO] [1785218321.696064681] [smoother_server]: Created smoother : simple_smoother of type nav2_smoother::SimpleSmoother
[component_container_isolated-6] [INFO] [1785218321.700013210] [smoother_server]: Smoother Server has simple_smoother  smoothers available.
[component_container_isolated-6] [INFO] [1785218321.716788576] [lifecycle_manager_navigation]: [34m[1mConfiguring planner_server[0m[0m
[component_container_isolated-6] [INFO] [1785218321.716913121] [planner_server]: Configuring
[component_container_isolated-6] [INFO] [1785218321.716948276] [global_costmap.global_costmap]: Configuring
[component_container_isolated-6] [INFO] [1785218321.739136652] [global_costmap.global_costmap]: Using plugin "static_layer"
[component_container_isolated-6] [INFO] [1785218321.742959138] [global_costmap.global_costmap]: Subscribing to the map topic (/map) with transient local durability
[component_container_isolated-6] [INFO] [1785218321.747718605] [global_costmap.global_costmap]: Initialized plugin "static_layer"
[component_container_isolated-6] [INFO] [1785218321.747752020] [global_costmap.global_costmap]: Using plugin "obstacle_layer"
[component_container_isolated-6] [INFO] [1785218321.753525791] [global_costmap.global_costmap]: Subscribed to Topics: scan
[component_container_isolated-6] [INFO] [1785218321.759567481] [global_costmap.global_costmap]: Initialized plugin "obstacle_layer"
[component_container_isolated-6] [INFO] [1785218321.759603125] [global_costmap.global_costmap]: Using plugin "inflation_layer"
[component_container_isolated-6] [INFO] [1785218321.763967185] [global_costmap.global_costmap]: Initialized plugin "inflation_layer"
[component_container_isolated-6] [INFO] [1785218321.765411254] [lifecycle_manager_localization]: Server amcl connected with bond.
[component_container_isolated-6] [INFO] [1785218321.765446839] [lifecycle_manager_localization]: [34m[1mManaged nodes are active[0m[0m
[component_container_isolated-6] [INFO] [1785218321.765463253] [lifecycle_manager_localization]: [34m[1mCreating bond timer...[0m[0m
[component_container_isolated-6] [INFO] [1785218321.792482361] [planner_server]: Created global planner plugin GridBased of type nav2_navfn_planner/NavfnPlanner
[component_container_isolated-6] [INFO] [1785218321.792534148] [planner_server]: Configuring plugin GridBased of type NavfnPlanner
[component_container_isolated-6] [INFO] [1785218321.792956765] [planner_server]: Planner Server has GridBased  planners available.
[component_container_isolated-6] [INFO] [1785218321.798058969] [global_costmap.global_costmap]: StaticLayer: Resizing costmap to 2000 X 2000 at 0.050000 m/pix
[component_container_isolated-6] [INFO] [1785218321.866216697] [lifecycle_manager_navigation]: [34m[1mConfiguring behavior_server[0m[0m
[component_container_isolated-6] [INFO] [1785218321.866802024] [behavior_server]: Configuring
[component_container_isolated-6] [INFO] [1785218321.900694775] [behavior_server]: Creating behavior plugin spin of type nav2_behaviors/Spin
[component_container_isolated-6] [INFO] [1785218321.902188260] [behavior_server]: Configuring spin
[component_container_isolated-6] [INFO] [1785218321.924819188] [behavior_server]: Creating behavior plugin backup of type nav2_behaviors/BackUp
[component_container_isolated-6] [INFO] [1785218321.926054137] [behavior_server]: Configuring backup
[component_container_isolated-6] [INFO] [1785218321.949835523] [behavior_server]: Creating behavior plugin drive_on_heading of type nav2_behaviors/DriveOnHeading
[component_container_isolated-6] [INFO] [1785218321.951481135] [behavior_server]: Configuring drive_on_heading
[component_container_isolated-6] [INFO] [1785218321.995242600] [behavior_server]: Creating behavior plugin assisted_teleop of type nav2_behaviors/AssistedTeleop
[component_container_isolated-6] [INFO] [1785218321.997577757] [behavior_server]: Configuring assisted_teleop
[component_container_isolated-6] [INFO] [1785218322.032395950] [behavior_server]: Creating behavior plugin wait of type nav2_behaviors/Wait
[component_container_isolated-6] [INFO] [1785218322.035484747] [behavior_server]: Configuring wait
[component_container_isolated-6] [INFO] [1785218322.059480712] [lifecycle_manager_navigation]: [34m[1mConfiguring bt_navigator[0m[0m
[component_container_isolated-6] [INFO] [1785218322.060672798] [bt_navigator]: Configuring
[component_container_isolated-6] [INFO] [1785218322.327103833] [lifecycle_manager_navigation]: [34m[1mConfiguring waypoint_follower[0m[0m
[component_container_isolated-6] [INFO] [1785218322.327633203] [waypoint_follower]: Configuring
[component_container_isolated-6] [INFO] [1785218322.376093467] [waypoint_follower]: Created waypoint_task_executor : wait_at_waypoint of type nav2_waypoint_follower::WaitAtWaypoint
[component_container_isolated-6] [INFO] [1785218322.378933730] [lifecycle_manager_navigation]: [34m[1mConfiguring velocity_smoother[0m[0m
[component_container_isolated-6] [INFO] [1785218322.379227622] [velocity_smoother]: Configuring velocity smoother
[component_container_isolated-6] [INFO] [1785218322.394236782] [lifecycle_manager_navigation]: [34m[1mActivating controller_server[0m[0m
[component_container_isolated-6] [INFO] [1785218322.394667191] [controller_server]: Activating
[component_container_isolated-6] [INFO] [1785218322.394712549] [local_costmap.local_costmap]: Activating
[component_container_isolated-6] [INFO] [1785218322.394725704] [local_costmap.local_costmap]: Checking transform
[component_container_isolated-6] [INFO] [1785218322.394746072] [local_costmap.local_costmap]: Timed out waiting for transform from base_link to odom to become available, tf error: Invalid frame ID "odom" passed to canTransform argument target_frame - frame does not exist
[rviz2-5] [INFO] [1785218322.797519090] [rviz2]: Stereo is NOT SUPPORTED
[rviz2-5] [INFO] [1785218322.797599077] [rviz2]: OpenGl version: 4.2 (GLSL 4.2)
[rviz2-5] [INFO] [1785218322.850083366] [rviz2]: Stereo is NOT SUPPORTED
[component_container_isolated-6] [INFO] [1785218322.894816626] [local_costmap.local_costmap]: Timed out waiting for transform from base_link to odom to become available, tf error: Invalid frame ID "odom" passed to canTransform argument target_frame - frame does not exist
[gzserver-1] ALSA lib confmisc.c:855:(parse_card) cannot find card '0'
[gzserver-1] ALSA lib conf.c:5182:(_snd_config_evaluate) function snd_func_card_inum returned error: No such file or directory
[gzserver-1] ALSA lib confmisc.c:422:(snd_func_concat) error evaluating strings
[gzserver-1] ALSA lib conf.c:5182:(_snd_config_evaluate) function snd_func_concat returned error: No such file or directory
[gzserver-1] ALSA lib confmisc.c:1334:(snd_func_refer) error evaluating name
[gzserver-1] ALSA lib conf.c:5182:(_snd_config_evaluate) function snd_func_refer returned error: No such file or directory
[gzserver-1] ALSA lib conf.c:5705:(snd_config_expand) Evaluate error: No such file or directory
[gzserver-1] ALSA lib pcm.c:2664:(snd_pcm_open_noupdate) Unknown PCM default
[gzserver-1] AL lib: (EE) ALCplaybackAlsa_open: Could not open playback device 'default': No such file or directory
[component_container_isolated-6] [WARN] [1785218323.083656675] [amcl]: New subscription discovered on topic '/particle_cloud', requesting incompatible QoS. No messages will be sent to it. Last incompatible policy: RELIABILITY_QOS_POLICY
[spawn_entity.py-3] [INFO] [1785218323.090666275] [spawn_entity]: Calling service /spawn_entity
[component_container_isolated-6] [INFO] [1785218323.394808651] [local_costmap.local_costmap]: Timed out waiting for transform from base_link to odom to become available, tf error: Invalid frame ID "odom" passed to canTransform argument target_frame - frame does not exist
[gzserver-1] [INFO] [1785218323.521480570] [turtlebot3_imu]: <initial_orientation_as_reference> is unset, using default value of false to comply with REP 145 (world as orientation reference)
[spawn_entity.py-3] [INFO] [1785218323.651985344] [spawn_entity]: Spawn status: SpawnEntity: Successfully spawned entity [turtlebot3_burger]
[gzserver-1] [INFO] [1785218323.863301477] [turtlebot3_diff_drive]: Wheel pair 1 separation set to [0.160000m]
[gzserver-1] [INFO] [1785218323.863358053] [turtlebot3_diff_drive]: Wheel pair 1 diameter set to [0.066000m]
[rviz2-5] [INFO] [1785218323.869820036] [rviz2]: Trying to create a map of size 2000 x 2000 using 1 swatches
[gzserver-1] [INFO] [1785218323.877378388] [turtlebot3_diff_drive]: Subscribed to [/cmd_vel]
[gzserver-1] [INFO] [1785218323.886160405] [turtlebot3_diff_drive]: Advertise odometry on [/odom]
[component_container_isolated-6] [INFO] [1785218323.894843066] [local_costmap.local_costmap]: Timed out waiting for transform from base_link to odom to become available, tf error: Invalid frame ID "odom" passed to canTransform argument target_frame - frame does not exist
[gzserver-1] [INFO] [1785218323.899595154] [turtlebot3_diff_drive]: Publishing odom transforms between [odom] and [base_footprint]
[rviz2-5] [ERROR] [1785218323.957895316] [rviz2]: Vertex Program:rviz/glsl120/indexed_8bit_image.vert Fragment Program:rviz/glsl120/indexed_8bit_image.frag GLSL link result : 
[rviz2-5] active samplers with a different type refer to the same texture image unit
[gzserver-1] [INFO] [1785218323.964846707] [turtlebot3_joint_state]: Going to publish joint [wheel_left_joint]
[gzserver-1] [INFO] [1785218323.965226636] [turtlebot3_joint_state]: Going to publish joint [wheel_right_joint]
[INFO] [spawn_entity.py-3]: process has finished cleanly [pid 2121785]
[component_container_isolated-6] [INFO] [1785218324.197681607] [amcl]: createLaserObject
[component_container_isolated-6] [INFO] [1785218324.394909805] [local_costmap.local_costmap]: start
[component_container_isolated-6] [INFO] [1785218324.603542132] [controller_server]: Creating bond (controller_server) to lifecycle manager.
[component_container_isolated-6] [INFO] [1785218324.715222659] [lifecycle_manager_navigation]: Server controller_server connected with bond.
[component_container_isolated-6] [INFO] [1785218324.715263530] [lifecycle_manager_navigation]: [34m[1mActivating smoother_server[0m[0m
[component_container_isolated-6] [INFO] [1785218324.715582539] [smoother_server]: Activating
[component_container_isolated-6] [INFO] [1785218324.715610996] [smoother_server]: Creating bond (smoother_server) to lifecycle manager.
[component_container_isolated-6] [INFO] [1785218324.830933925] [lifecycle_manager_navigation]: Server smoother_server connected with bond.
[component_container_isolated-6] [INFO] [1785218324.831002867] [lifecycle_manager_navigation]: [34m[1mActivating planner_server[0m[0m
[component_container_isolated-6] [INFO] [1785218324.831477911] [planner_server]: Activating
[component_container_isolated-6] [INFO] [1785218324.831524126] [global_costmap.global_costmap]: Activating
[component_container_isolated-6] [INFO] [1785218324.831531709] [global_costmap.global_costmap]: Checking transform
[component_container_isolated-6] [INFO] [1785218324.831539295] [global_costmap.global_costmap]: Timed out waiting for transform from base_link to map to become available, tf error: Invalid frame ID "map" passed to canTransform argument target_frame - frame does not exist
[component_container_isolated-6] [INFO] [1785218325.331642088] [global_costmap.global_costmap]: Timed out waiting for transform from base_link to map to become available, tf error: Invalid frame ID "map" passed to canTransform argument target_frame - frame does not exist
[component_container_isolated-6] [INFO] [1785218325.831646993] [global_costmap.global_costmap]: Timed out waiting for transform from base_link to map to become available, tf error: Invalid frame ID "map" passed to canTransform argument target_frame - frame does not exist
[component_container_isolated-6] [WARN] [1785218326.090842168] [amcl]: AMCL cannot publish a pose or update the transform. Please set the initial pose...
[rviz2-5] [INFO] [1785218326.289549655] [rviz]: Message Filter dropping message: frame 'base_scan' at time 0.299 for reason 'discarding message because the queue is full'
[component_container_isolated-6] [INFO] [1785218326.332258182] [global_costmap.global_costmap]: Timed out waiting for transform from base_link to map to become available, tf error: Invalid frame ID "map" passed to canTransform argument target_frame - frame does not exist
[rviz2-5] [INFO] [1785218326.513428375] [rviz]: Message Filter dropping message: frame 'base_scan' at time 0.499 for reason 'discarding message because the queue is full'
[rviz2-5] [INFO] [1785218326.614027980] [rviz]: Message Filter dropping message: frame 'odom' at time 0.677 for reason 'discarding message because the queue is full'
[rviz2-5] [INFO] [1785218326.737504207] [rviz]: Message Filter dropping message: frame 'base_scan' at time 0.699 for reason 'discarding message because the queue is full'
[rviz2-5] [INFO] [1785218326.802079899] [rviz]: Message Filter dropping message: frame 'odom' at time 0.847 for reason 'discarding message because the queue is full'
[component_container_isolated-6] [INFO] [1785218326.832594637] [global_costmap.global_costmap]: Timed out waiting for transform from base_link to map to become available, tf error: Invalid frame ID "map" passed to canTransform argument target_frame - frame does not exist
[rviz2-5] [INFO] [1785218326.929646952] [rviz]: Message Filter dropping message: frame 'base_scan' at time 0.899 for reason 'discarding message because the queue is full'
[rviz2-5] [INFO] [1785218327.027490919] [rviz]: Message Filter dropping message: frame 'odom' at time 1.051 for reason 'discarding message because the queue is full'
[rviz2-5] [INFO] [1785218327.121572754] [rviz]: Message Filter dropping message: frame 'base_scan' at time 1.101 for reason 'discarding message because the queue is full'
[rviz2-5] [INFO] [1785218327.217843274] [rviz]: Message Filter dropping message: frame 'odom' at time 1.221 for reason 'discarding message because the queue is full'
[rviz2-5] [INFO] [1785218327.312790182] [rviz]: Message Filter dropping message: frame 'base_scan' at time 1.299 for reason 'discarding message because the queue is full'
[component_container_isolated-6] [INFO] [1785218327.331632531] [global_costmap.global_costmap]: Timed out waiting for transform from base_link to map to become available, tf error: Invalid frame ID "map" passed to canTransform argument target_frame - frame does not exist
[rviz2-5] [INFO] [1785218327.409900487] [rviz]: Message Filter dropping message: frame 'odom' at time 1.425 for reason 'discarding message because the queue is full'
[rviz2-5] [INFO] [1785218327.539508289] [rviz]: Message Filter dropping message: frame 'base_scan' at time 1.499 for reason 'discarding message because the queue is full'
[rviz2-5] [INFO] [1785218327.602809702] [rviz]: Message Filter dropping message: frame 'odom' at time 1.629 for reason 'discarding message because the queue is full'
[rviz2-5] [INFO] [1785218327.729942493] [rviz]: Message Filter dropping message: frame 'base_scan' at time 1.701 for reason 'discarding message because the queue is full'
[rviz2-5] [INFO] [1785218327.825724253] [rviz]: Message Filter dropping message: frame 'odom' at time 1.799 for reason 'discarding message because the queue is full'
[component_container_isolated-6] [INFO] [1785218327.831600708] [global_costmap.global_costmap]: Timed out waiting for transform from base_link to map to become available, tf error: Invalid frame ID "map" passed to canTransform argument target_frame - frame does not exist
[rviz2-5] [INFO] [1785218327.921311898] [rviz]: Message Filter dropping message: frame 'base_scan' at time 1.901 for reason 'discarding message because the queue is full'
[rviz2-5] [INFO] [1785218328.017394961] [rviz]: Message Filter dropping message: frame 'odom' at time 2.003 for reason 'discarding message because the queue is full'
[rviz2-5] [INFO] [1785218328.145588703] [rviz]: Message Filter dropping message: frame 'base_scan' at time 2.101 for reason 'discarding message because the queue is full'
[rviz2-5] [INFO] [1785218328.209438561] [rviz]: Message Filter dropping message: frame 'odom' at time 2.207 for reason 'discarding message because the queue is full'
[component_container_isolated-6] [WARN] [1785218328.330608758] [amcl]: AMCL cannot publish a pose or update the transform. Please set the initial pose...
[component_container_isolated-6] [INFO] [1785218328.331604677] [global_costmap.global_costmap]: Timed out waiting for transform from base_link to map to become available, tf error: Invalid frame ID "map" passed to canTransform argument target_frame - frame does not exist
[rviz2-5] [INFO] [1785218328.338442141] [rviz]: Message Filter dropping message: frame 'base_scan' at time 2.302 for reason 'discarding message because the queue is full'
[rviz2-5] [INFO] [1785218328.401941645] [rviz]: Message Filter dropping message: frame 'odom' at time 2.377 for reason 'discarding message because the queue is full'
[rviz2-5] [INFO] [1785218328.561365021] [rviz]: Message Filter dropping message: frame 'base_scan' at time 2.502 for reason 'discarding message because the queue is full'
[rviz2-5] [INFO] [1785218328.625329640] [rviz]: Message Filter dropping message: frame 'odom' at time 2.581 for reason 'discarding message because the queue is full'
[rviz2-5] [INFO] [1785218328.786612673] [rviz]: Message Filter dropping message: frame 'base_scan' at time 2.702 for reason 'discarding message because the queue is full'
[rviz2-5] [INFO] [1785218328.817878347] [rviz]: Message Filter dropping message: frame 'odom' at time 2.751 for reason 'discarding message because the queue is full'
[component_container_isolated-6] [INFO] [1785218328.831606911] [global_costmap.global_costmap]: Timed out waiting for transform from base_link to map to become available, tf error: Invalid frame ID "map" passed to canTransform argument target_frame - frame does not exist
[rviz2-5] [INFO] [1785218329.021800045] [rviz]: Message Filter dropping message: frame 'base_scan' at time 2.902 for reason 'discarding message because the queue is full'
[rviz2-5] [INFO] [1785218329.022036494] [rviz]: Message Filter dropping message: frame 'odom' at time 2.989 for reason 'discarding message because the queue is full'
[rviz2-5] [INFO] [1785218329.201287813] [rviz]: Message Filter dropping message: frame 'base_scan' at time 3.103 for reason 'discarding message because the queue is full'
[rviz2-5] [INFO] [1785218329.201505714] [rviz]: Message Filter dropping message: frame 'odom' at time 3.159 for reason 'discarding message because the queue is full'
[component_container_isolated-6] [INFO] [1785218329.331618036] [global_costmap.global_costmap]: Timed out waiting for transform from base_link to map to become available, tf error: Invalid frame ID "map" passed to canTransform argument target_frame - frame does not exist
[rviz2-5] [INFO] [1785218329.425757104] [rviz]: Message Filter dropping message: frame 'base_scan' at time 3.303 for reason 'discarding message because the queue is full'
[rviz2-5] [INFO] [1785218329.426680515] [rviz]: Message Filter dropping message: frame 'odom' at time 3.363 for reason 'discarding message because the queue is full'
[rviz2-5] [INFO] [1785218329.618210908] [rviz]: Message Filter dropping message: frame 'base_scan' at time 3.503 for reason 'discarding message because the queue is full'
[rviz2-5] [INFO] [1785218329.618447086] [rviz]: Message Filter dropping message: frame 'odom' at time 3.567 for reason 'discarding message because the queue is full'
[rviz2-5] [INFO] [1785218329.809926484] [rviz]: Message Filter dropping message: frame 'odom' at time 3.771 for reason 'discarding message because the queue is full'
[component_container_isolated-6] [INFO] [1785218329.831704631] [global_costmap.global_costmap]: Timed out waiting for transform from base_link to map to become available, tf error: Invalid frame ID "map" passed to canTransform argument target_frame - frame does not exist
[rviz2-5] [INFO] [1785218329.841519756] [rviz]: Message Filter dropping message: frame 'base_scan' at time 3.703 for reason 'discarding message because the queue is full'
[rviz2-5] [INFO] [1785218330.001549442] [rviz]: Message Filter dropping message: frame 'odom' at time 3.975 for reason 'discarding message because the queue is full'
[rviz2-5] [INFO] [1785218330.033085012] [rviz]: Message Filter dropping message: frame 'base_scan' at time 3.903 for reason 'discarding message because the queue is full'
[rviz2-5] [INFO] [1785218330.230603309] [rviz]: Message Filter dropping message: frame 'odom' at time 4.179 for reason 'discarding message because the queue is full'
[rviz2-5] [INFO] [1785218330.258202681] [rviz]: Message Filter dropping message: frame 'base_scan' at time 4.103 for reason 'discarding message because the queue is full'
[component_container_isolated-6] [INFO] [1785218330.332231021] [global_costmap.global_costmap]: Timed out waiting for transform from base_link to map to become available, tf error: Invalid frame ID "map" passed to canTransform argument target_frame - frame does not exist
[rviz2-5] [INFO] [1785218330.417205958] [rviz]: Message Filter dropping message: frame 'odom' at time 4.349 for reason 'discarding message because the queue is full'
[rviz2-5] [INFO] [1785218330.450731222] [rviz]: Message Filter dropping message: frame 'base_scan' at time 4.303 for reason 'discarding message because the queue is full'
[rviz2-5] [INFO] [1785218330.609657626] [rviz]: Message Filter dropping message: frame 'odom' at time 4.519 for reason 'discarding message because the queue is full'
[rviz2-5] [INFO] [1785218330.644189347] [rviz]: Message Filter dropping message: frame 'base_scan' at time 4.503 for reason 'discarding message because the queue is full'
[component_container_isolated-6] [WARN] [1785218330.660797749] [amcl]: AMCL cannot publish a pose or update the transform. Please set the initial pose...
[rviz2-5] [INFO] [1785218330.802935986] [rviz]: Message Filter dropping message: frame 'odom' at time 4.723 for reason 'discarding message because the queue is full'
[component_container_isolated-6] [INFO] [1785218330.831607996] [global_costmap.global_costmap]: Timed out waiting for transform from base_link to map to become available, tf error: Invalid frame ID "map" passed to canTransform argument target_frame - frame does not exist
[rviz2-5] [INFO] [1785218330.865474792] [rviz]: Message Filter dropping message: frame 'base_scan' at time 4.703 for reason 'discarding message because the queue is full'
[rviz2-5] [INFO] [1785218331.025230522] [rviz]: Message Filter dropping message: frame 'odom' at time 4.893 for reason 'discarding message because the queue is full'
[rviz2-5] [INFO] [1785218331.025345449] [rviz]: Message Filter dropping message: frame 'odom' at time 0.600 for reason 'discarding message because the queue is full'
[rviz2-5] [INFO] [1785218331.056974019] [rviz]: Message Filter dropping message: frame 'base_scan' at time 4.903 for reason 'discarding message because the queue is full'
[rviz2-5] [INFO] [1785218331.218741598] [rviz]: Message Filter dropping message: frame 'odom' at time 5.097 for reason 'discarding message because the queue is full'
[rviz2-5] [INFO] [1785218331.249652798] [rviz]: Message Filter dropping message: frame 'base_scan' at time 5.104 for reason 'discarding message because the queue is full'
[component_container_isolated-6] [INFO] [1785218331.331606840] [global_costmap.global_costmap]: Timed out waiting for transform from base_link to map to become available, tf error: Invalid frame ID "map" passed to canTransform argument target_frame - frame does not exist
[rviz2-5] [INFO] [1785218331.409078613] [rviz]: Message Filter dropping message: frame 'odom' at time 5.301 for reason 'discarding message because the queue is full'
[rviz2-5] [INFO] [1785218331.475159678] [rviz]: Message Filter dropping message: frame 'base_scan' at time 5.304 for reason 'discarding message because the queue is full'
[rviz2-5] [INFO] [1785218331.601269433] [rviz]: Message Filter dropping message: frame 'odom' at time 5.471 for reason 'discarding message because the queue is full'
[rviz2-5] [INFO] [1785218331.601404960] [rviz]: Message Filter dropping message: frame 'odom' at time 1.200 for reason 'discarding message because the queue is full'
[rviz2-5] [INFO] [1785218331.708587375] [rviz]: Message Filter dropping message: frame 'base_scan' at time 5.505 for reason 'discarding message because the queue is full'
[rviz2-5] [INFO] [1785218331.826822650] [rviz]: Message Filter dropping message: frame 'odom' at time 5.675 for reason 'discarding message because the queue is full'
[component_container_isolated-6] [INFO] [1785218331.831652861] [global_costmap.global_costmap]: Timed out waiting for transform from base_link to map to become available, tf error: Invalid frame ID "map" passed to canTransform argument target_frame - frame does not exist
[rviz2-5] [INFO] [1785218331.921161150] [rviz]: Message Filter dropping message: frame 'base_scan' at time 5.705 for reason 'discarding message because the queue is full'
[rviz2-5] [INFO] [1785218332.017370904] [rviz]: Message Filter dropping message: frame 'odom' at time 5.879 for reason 'discarding message because the queue is full'
[rviz2-5] [INFO] [1785218332.148134334] [rviz]: Message Filter dropping message: frame 'base_scan' at time 5.906 for reason 'discarding message because the queue is full'
[rviz2-5] [INFO] [1785218332.209981701] [rviz]: Message Filter dropping message: frame 'odom' at time 6.049 for reason 'discarding message because the queue is full'
[component_container_isolated-6] [INFO] [1785218332.331613911] [global_costmap.global_costmap]: Timed out waiting for transform from base_link to map to become available, tf error: Invalid frame ID "map" passed to canTransform argument target_frame - frame does not exist
[rviz2-5] [INFO] [1785218332.404491491] [rviz]: Message Filter dropping message: frame 'base_scan' at time 6.106 for reason 'discarding message because the queue is full'
[rviz2-5] [INFO] [1785218332.404977613] [rviz]: Message Filter dropping message: frame 'odom' at time 6.253 for reason 'discarding message because the queue is full'
[rviz2-5] [INFO] [1785218332.405014550] [rviz]: Message Filter dropping message: frame 'odom' at time 1.800 for reason 'discarding message because the queue is full'
[rviz2-5] [INFO] [1785218332.594445312] [rviz]: Message Filter dropping message: frame 'base_scan' at time 6.306 for reason 'discarding message because the queue is full'
[rviz2-5] [INFO] [1785218332.625277139] [rviz]: Message Filter dropping message: frame 'odom' at time 6.457 for reason 'discarding message because the queue is full'
[rviz2-5] [INFO] [1785218332.817290921] [rviz]: Message Filter dropping message: frame 'base_scan' at time 6.506 for reason 'discarding message because the queue is full'
[rviz2-5] [INFO] [1785218332.817464357] [rviz]: Message Filter dropping message: frame 'odom' at time 6.661 for reason 'discarding message because the queue is full'
[component_container_isolated-6] [INFO] [1785218332.831620301] [global_costmap.global_costmap]: Timed out waiting for transform from base_link to map to become available, tf error: Invalid frame ID "map" passed to canTransform argument target_frame - frame does not exist
[rviz2-5] [INFO] [1785218333.009822729] [rviz]: Message Filter dropping message: frame 'odom' at time 6.865 for reason 'discarding message because the queue is full'
[rviz2-5] [INFO] [1785218333.010058990] [rviz]: Message Filter dropping message: frame 'odom' at time 2.400 for reason 'discarding message because the queue is full'
[component_container_isolated-6] [WARN] [1785218333.032970516] [amcl]: AMCL cannot publish a pose or update the transform. Please set the initial pose...
[rviz2-5] [INFO] [1785218333.045195636] [rviz]: Message Filter dropping message: frame 'base_scan' at time 6.706 for reason 'discarding message because the queue is full'
[rviz2-5] [INFO] [1785218333.201980595] [rviz]: Message Filter dropping message: frame 'odom' at time 7.035 for reason 'discarding message because the queue is full'
[rviz2-5] [INFO] [1785218333.232748194] [rviz]: Message Filter dropping message: frame 'base_scan' at time 6.907 for reason 'discarding message because the queue is full'
[component_container_isolated-6] [INFO] [1785218333.331564073] [global_costmap.global_costmap]: Timed out waiting for transform from base_link to map to become available, tf error: Invalid frame ID "map" passed to canTransform argument target_frame - frame does not exist
[rviz2-5] [INFO] [1785218333.425381027] [rviz]: Message Filter dropping message: frame 'base_scan' at time 7.107 for reason 'discarding message because the queue is full'
[rviz2-5] [INFO] [1785218333.425481725] [rviz]: Message Filter dropping message: frame 'odom' at time 7.239 for reason 'discarding message because the queue is full'
[rviz2-5] [INFO] [1785218333.617734644] [rviz]: Message Filter dropping message: frame 'base_scan' at time 7.307 for reason 'discarding message because the queue is full'
[rviz2-5] [INFO] [1785218333.618108861] [rviz]: Message Filter dropping message: frame 'odom' at time 7.409 for reason 'discarding message because the queue is full'
[rviz2-5] [INFO] [1785218333.809262869] [rviz]: Message Filter dropping message: frame 'odom' at time 7.579 for reason 'discarding message because the queue is full'
[rviz2-5] [INFO] [1785218333.809393890] [rviz]: Message Filter dropping message: frame 'odom' at time 3.100 for reason 'discarding message because the queue is full'
[component_container_isolated-6] [INFO] [1785218333.831617252] [global_costmap.global_costmap]: Timed out waiting for transform from base_link to map to become available, tf error: Invalid frame ID "map" passed to canTransform argument target_frame - frame does not exist
[rviz2-5] [INFO] [1785218333.841271049] [rviz]: Message Filter dropping message: frame 'base_scan' at time 7.507 for reason 'discarding message because the queue is full'
[rviz2-5] [INFO] [1785218334.001998623] [rviz]: Message Filter dropping message: frame 'odom' at time 7.749 for reason 'discarding message because the queue is full'
[rviz2-5] [INFO] [1785218334.033910498] [rviz]: Message Filter dropping message: frame 'base_scan' at time 7.708 for reason 'discarding message because the queue is full'
[rviz2-5] [INFO] [1785218334.227512896] [rviz]: Message Filter dropping message: frame 'base_scan' at time 7.910 for reason 'discarding message because the queue is full'
[rviz2-5] [INFO] [1785218334.227616125] [rviz]: Message Filter dropping message: frame 'odom' at time 7.953 for reason 'discarding message because the queue is full'
[component_container_isolated-6] [INFO] [1785218334.331778882] [global_costmap.global_costmap]: Timed out waiting for transform from base_link to map to become available, tf error: Invalid frame ID "map" passed to canTransform argument target_frame - frame does not exist
[rviz2-5] [INFO] [1785218334.417571844] [rviz]: Message Filter dropping message: frame 'base_scan' at time 8.109 for reason 'discarding message because the queue is full'
[rviz2-5] [INFO] [1785218334.417770099] [rviz]: Message Filter dropping message: frame 'odom' at time 8.089 for reason 'discarding message because the queue is full'
[rviz2-5] [INFO] [1785218334.417814878] [rviz]: Message Filter dropping message: frame 'odom' at time 3.700 for reason 'discarding message because the queue is full'
[rviz2-5] [INFO] [1785218334.609138652] [rviz]: Message Filter dropping message: frame 'odom' at time 8.327 for reason 'discarding message because the queue is full'
[rviz2-5] [INFO] [1785218334.641697460] [rviz]: Message Filter dropping message: frame 'base_scan' at time 8.312 for reason 'discarding message because the queue is full'
[rviz2-5] [INFO] [1785218334.802000726] [rviz]: Message Filter dropping message: frame 'odom' at time 8.497 for reason 'discarding message because the queue is full'
[component_container_isolated-6] [INFO] [1785218334.831617835] [global_costmap.global_costmap]: Timed out waiting for transform from base_link to map to become available, tf error: Invalid frame ID "map" passed to canTransform argument target_frame - frame does not exist
[rviz2-5] [INFO] [1785218334.833357261] [rviz]: Message Filter dropping message: frame 'base_scan' at time 8.512 for reason 'discarding message because the queue is full'
[rviz2-5] [INFO] [1785218335.025218706] [rviz]: Message Filter dropping message: frame 'odom' at time 8.701 for reason 'discarding message because the queue is full'
[rviz2-5] [INFO] [1785218335.025294822] [rviz]: Message Filter dropping message: frame 'odom' at time 4.300 for reason 'discarding message because the queue is full'
[rviz2-5] [INFO] [1785218335.056808445] [rviz]: Message Filter dropping message: frame 'base_scan' at time 8.712 for reason 'discarding message because the queue is full'
[rviz2-5] [INFO] [1785218335.217329712] [rviz]: Message Filter dropping message: frame 'odom' at time 8.871 for reason 'discarding message because the queue is full'
[rviz2-5] [INFO] [1785218335.251377820] [rviz]: Message Filter dropping message: frame 'base_scan' at time 8.912 for reason 'discarding message because the queue is full'
[component_container_isolated-6] [WARN] [1785218335.262713649] [amcl]: AMCL cannot publish a pose or update the transform. Please set the initial pose...
[component_container_isolated-6] [INFO] [1785218335.331637633] [global_costmap.global_costmap]: Timed out waiting for transform from base_link to map to become available, tf error: Invalid frame ID "map" passed to canTransform argument target_frame - frame does not exist
[rviz2-5] [INFO] [1785218335.408989697] [rviz]: Message Filter dropping message: frame 'odom' at time 9.075 for reason 'discarding message because the queue is full'
[rviz2-5] [INFO] [1785218335.441758184] [rviz]: Message Filter dropping message: frame 'base_scan' at time 9.112 for reason 'discarding message because the queue is full'
[rviz2-5] [INFO] [1785218335.601976873] [rviz]: Message Filter dropping message: frame 'odom' at time 9.279 for reason 'discarding message because the queue is full'
[rviz2-5] [INFO] [1785218335.602273973] [rviz]: Message Filter dropping message: frame 'odom' at time 4.900 for reason 'discarding message because the queue is full'
[rviz2-5] [INFO] [1785218335.634288160] [rviz]: Message Filter dropping message: frame 'base_scan' at time 9.312 for reason 'discarding message because the queue is full'
[rviz2-5] [INFO] [1785218335.826226796] [rviz]: Message Filter dropping message: frame 'odom' at time 9.483 for reason 'discarding message because the queue is full'
[component_container_isolated-6] [INFO] [1785218335.831576530] [global_costmap.global_costmap]: Timed out waiting for transform from base_link to map to become available, tf error: Invalid frame ID "map" passed to canTransform argument target_frame - frame does not exist
[rviz2-5] [INFO] [1785218335.857131247] [rviz]: Message Filter dropping message: frame 'base_scan' at time 9.512 for reason 'discarding message because the queue is full'
[rviz2-5] [INFO] [1785218336.018736449] [rviz]: Message Filter dropping message: frame 'odom' at time 9.687 for reason 'discarding message because the queue is full'
[rviz2-5] [INFO] [1785218336.049434613] [rviz]: Message Filter dropping message: frame 'base_scan' at time 9.712 for reason 'discarding message because the queue is full'
[rviz2-5] [INFO] [1785218336.210148516] [rviz]: Message Filter dropping message: frame 'odom' at time 9.891 for reason 'discarding message because the queue is full'
[rviz2-5] [INFO] [1785218336.210316116] [rviz]: Message Filter dropping message: frame 'odom' at time 5.500 for reason 'discarding message because the queue is full'
[rviz2-5] [INFO] [1785218336.241107564] [rviz]: Message Filter dropping message: frame 'base_scan' at time 9.912 for reason 'discarding message because the queue is full'
[component_container_isolated-6] [INFO] [1785218336.331617059] [global_costmap.global_costmap]: Timed out waiting for transform from base_link to map to become available, tf error: Invalid frame ID "map" passed to canTransform argument target_frame - frame does not exist
[rviz2-5] [INFO] [1785218336.402730847] [rviz]: Message Filter dropping message: frame 'odom' at time 10.061 for reason 'discarding message because the queue is full'
[rviz2-5] [INFO] [1785218336.465578695] [rviz]: Message Filter dropping message: frame 'base_scan' at time 10.112 for reason 'discarding message because the queue is full'
[rviz2-5] [INFO] [1785218336.626304871] [rviz]: Message Filter dropping message: frame 'odom' at time 10.265 for reason 'discarding message because the queue is full'
[rviz2-5] [INFO] [1785218336.657501660] [rviz]: Message Filter dropping message: frame 'base_scan' at time 10.312 for reason 'discarding message because the queue is full'
[rviz2-5] [INFO] [1785218336.818045853] [rviz]: Message Filter dropping message: frame 'odom' at time 10.469 for reason 'discarding message because the queue is full'
[rviz2-5] [INFO] [1785218336.818271040] [rviz]: Message Filter dropping message: frame 'odom' at time 6.200 for reason 'discarding message because the queue is full'
[component_container_isolated-6] [INFO] [1785218336.831853348] [global_costmap.global_costmap]: Timed out waiting for transform from base_link to map to become available, tf error: Invalid frame ID "map" passed to canTransform argument target_frame - frame does not exist
[rviz2-5] [INFO] [1785218336.848827598] [rviz]: Message Filter dropping message: frame 'base_scan' at time 10.512 for reason 'discarding message because the queue is full'
[rviz2-5] [INFO] [1785218337.008855346] [rviz]: Message Filter dropping message: frame 'odom' at time 10.673 for reason 'discarding message because the queue is full'
[rviz2-5] [INFO] [1785218337.041723388] [rviz]: Message Filter dropping message: frame 'base_scan' at time 10.714 for reason 'discarding message because the queue is full'
[rviz2-5] [INFO] [1785218337.201332923] [rviz]: Message Filter dropping message: frame 'odom' at time 10.877 for reason 'discarding message because the queue is full'
[rviz2-5] [INFO] [1785218337.265376110] [rviz]: Message Filter dropping message: frame 'base_scan' at time 10.913 for reason 'discarding message because the queue is full'
[component_container_isolated-6] [INFO] [1785218337.331666661] [global_costmap.global_costmap]: Timed out waiting for transform from base_link to map to become available, tf error: Invalid frame ID "map" passed to canTransform argument target_frame - frame does not exist
[rviz2-5] [INFO] [1785218337.425681238] [rviz]: Message Filter dropping message: frame 'odom' at time 11.081 for reason 'discarding message because the queue is full'
[rviz2-5] [INFO] [1785218337.425813734] [rviz]: Message Filter dropping message: frame 'odom' at time 6.800 for reason 'discarding message because the queue is full'
[rviz2-5] [INFO] [1785218337.457111472] [rviz]: Message Filter dropping message: frame 'base_scan' at time 11.113 for reason 'discarding message because the queue is full'
[component_container_isolated-6] [WARN] [1785218337.459905882] [amcl]: AMCL cannot publish a pose or update the transform. Please set the initial pose...
[rviz2-5] [INFO] [1785218337.617664167] [rviz]: Message Filter dropping message: frame 'odom' at time 11.251 for reason 'discarding message because the queue is full'
[rviz2-5] [INFO] [1785218337.649953865] [rviz]: Message Filter dropping message: frame 'base_scan' at time 11.313 for reason 'discarding message because the queue is full'
[rviz2-5] [INFO] [1785218337.809203327] [rviz]: Message Filter dropping message: frame 'odom' at time 11.455 for reason 'discarding message because the queue is full'
[component_container_isolated-6] [INFO] [1785218337.831577850] [global_costmap.global_costmap]: Timed out waiting for transform from base_link to map to become available, tf error: Invalid frame ID "map" passed to canTransform argument target_frame - frame does not exist
[rviz2-5] [INFO] [1785218337.873750323] [rviz]: Message Filter dropping message: frame 'base_scan' at time 11.513 for reason 'discarding message because the queue is full'
[rviz2-5] [INFO] [1785218338.002142863] [rviz]: Message Filter dropping message: frame 'odom' at time 11.659 for reason 'discarding message because the queue is full'
[rviz2-5] [INFO] [1785218338.002512955] [rviz]: Message Filter dropping message: frame 'odom' at time 7.400 for reason 'discarding message because the queue is full'
[rviz2-5] [INFO] [1785218338.065116271] [rviz]: Message Filter dropping message: frame 'base_scan' at time 11.713 for reason 'discarding message because the queue is full'
[rviz2-5] [INFO] [1785218338.226210831] [rviz]: Message Filter dropping message: frame 'odom' at time 11.863 for reason 'discarding message because the queue is full'
[rviz2-5] [INFO] [1785218338.257284365] [rviz]: Message Filter dropping message: frame 'base_scan' at time 11.913 for reason 'discarding message because the queue is full'
[component_container_isolated-6] [INFO] [1785218338.331601430] [global_costmap.global_costmap]: Timed out waiting for transform from base_link to map to become available, tf error: Invalid frame ID "map" passed to canTransform argument target_frame - frame does not exist
[rviz2-5] [INFO] [1785218338.417195121] [rviz]: Message Filter dropping message: frame 'odom' at time 12.067 for reason 'discarding message because the queue is full'
[rviz2-5] [INFO] [1785218338.481461216] [rviz]: Message Filter dropping message: frame 'base_scan' at time 12.113 for reason 'discarding message because the queue is full'
[rviz2-5] [INFO] [1785218338.609365535] [rviz]: Message Filter dropping message: frame 'odom' at time 12.271 for reason 'discarding message because the queue is full'
[rviz2-5] [INFO] [1785218338.609504305] [rviz]: Message Filter dropping message: frame 'odom' at time 8.100 for reason 'discarding message because the queue is full'
[rviz2-5] [INFO] [1785218338.673038921] [rviz]: Message Filter dropping message: frame 'base_scan' at time 12.313 for reason 'discarding message because the queue is full'
[rviz2-5] [INFO] [1785218338.802117250] [rviz]: Message Filter dropping message: frame 'odom' at time 12.441 for reason 'discarding message because the queue is full'
[component_container_isolated-6] [INFO] [1785218338.831634425] [global_costmap.global_costmap]: Timed out waiting for transform from base_link to map to become available, tf error: Invalid frame ID "map" passed to canTransform argument target_frame - frame does not exist
[rviz2-5] [INFO] [1785218338.865735785] [rviz]: Message Filter dropping message: frame 'base_scan' at time 12.513 for reason 'discarding message because the queue is full'
[rviz2-5] [INFO] [1785218339.025218210] [rviz]: Message Filter dropping message: frame 'odom' at time 12.645 for reason 'discarding message because the queue is full'
[rviz2-5] [INFO] [1785218339.089067053] [rviz]: Message Filter dropping message: frame 'base_scan' at time 12.713 for reason 'discarding message because the queue is full'
[rviz2-5] [INFO] [1785218339.219002987] [rviz]: Message Filter dropping message: frame 'odom' at time 12.849 for reason 'discarding message because the queue is full'
[rviz2-5] [INFO] [1785218339.219417530] [rviz]: Message Filter dropping message: frame 'odom' at time 8.700 for reason 'discarding message because the queue is full'
[rviz2-5] [INFO] [1785218339.281553846] [rviz]: Message Filter dropping message: frame 'base_scan' at time 12.913 for reason 'discarding message because the queue is full'
[component_container_isolated-6] [INFO] [1785218339.331585115] [global_costmap.global_costmap]: Timed out waiting for transform from base_link to map to become available, tf error: Invalid frame ID "map" passed to canTransform argument target_frame - frame does not exist
[rviz2-5] [INFO] [1785218339.409501186] [rviz]: Message Filter dropping message: frame 'odom' at time 13.053 for reason 'discarding message because the queue is full'
[rviz2-5] [INFO] [1785218339.472964915] [rviz]: Message Filter dropping message: frame 'base_scan' at time 13.113 for reason 'discarding message because the queue is full'
[rviz2-5] [INFO] [1785218339.601799462] [rviz]: Message Filter dropping message: frame 'odom' at time 13.257 for reason 'discarding message because the queue is full'
[component_container_isolated-6] [WARN] [1785218339.688055175] [amcl]: AMCL cannot publish a pose or update the transform. Please set the initial pose...
[rviz2-5] [INFO] [1785218339.697203307] [rviz]: Message Filter dropping message: frame 'base_scan' at time 13.313 for reason 'discarding message because the queue is full'
[rviz2-5] [INFO] [1785218339.825755667] [rviz]: Message Filter dropping message: frame 'odom' at time 13.461 for reason 'discarding message because the queue is full'
[rviz2-5] [INFO] [1785218339.825879312] [rviz]: Message Filter dropping message: frame 'odom' at time 9.400 for reason 'discarding message because the queue is full'
[component_container_isolated-6] [INFO] [1785218339.831950106] [global_costmap.global_costmap]: Timed out waiting for transform from base_link to map to become available, tf error: Invalid frame ID "map" passed to canTransform argument target_frame - frame does not exist
[rviz2-5] [INFO] [1785218339.889410710] [rviz]: Message Filter dropping message: frame 'base_scan' at time 13.513 for reason 'discarding message because the queue is full'
[rviz2-5] [INFO] [1785218340.018048008] [rviz]: Message Filter dropping message: frame 'odom' at time 13.631 for reason 'discarding message because the queue is full'
[rviz2-5] [INFO] [1785218340.080924009] [rviz]: Message Filter dropping message: frame 'base_scan' at time 13.713 for reason 'discarding message because the queue is full'
[rviz2-5] [INFO] [1785218340.209737846] [rviz]: Message Filter dropping message: frame 'odom' at time 13.835 for reason 'discarding message because the queue is full'
[rviz2-5] [INFO] [1785218340.305861652] [rviz]: Message Filter dropping message: frame 'base_scan' at time 13.913 for reason 'discarding message because the queue is full'
[component_container_isolated-6] [INFO] [1785218340.332147468] [global_costmap.global_costmap]: Timed out waiting for transform from base_link to map to become available, tf error: Invalid frame ID "map" passed to canTransform argument target_frame - frame does not exist
[rviz2-5] [INFO] [1785218340.403453803] [rviz]: Message Filter dropping message: frame 'odom' at time 14.039 for reason 'discarding message because the queue is full'
[rviz2-5] [INFO] [1785218340.403872209] [rviz]: Message Filter dropping message: frame 'odom' at time 10.000 for reason 'discarding message because the queue is full'
[rviz2-5] [INFO] [1785218340.496945714] [rviz]: Message Filter dropping message: frame 'base_scan' at time 14.113 for reason 'discarding message because the queue is full'
[rviz2-5] [INFO] [1785218340.625781154] [rviz]: Message Filter dropping message: frame 'odom' at time 14.243 for reason 'discarding message because the queue is full'
[rviz2-5] [INFO] [1785218340.721564440] [rviz]: Message Filter dropping message: frame 'base_scan' at time 14.313 for reason 'discarding message because the queue is full'
[rviz2-5] [INFO] [1785218340.819457189] [rviz]: Message Filter dropping message: frame 'odom' at time 14.447 for reason 'discarding message because the queue is full'
[component_container_isolated-6] [INFO] [1785218340.832339966] [global_costmap.global_costmap]: Timed out waiting for transform from base_link to map to become available, tf error: Invalid frame ID "map" passed to canTransform argument target_frame - frame does not exist
[rviz2-5] [INFO] [1785218340.913225220] [rviz]: Message Filter dropping message: frame 'base_scan' at time 14.513 for reason 'discarding message because the queue is full'
[rviz2-5] [INFO] [1785218341.009166995] [rviz]: Message Filter dropping message: frame 'odom' at time 14.617 for reason 'discarding message because the queue is full'
[rviz2-5] [INFO] [1785218341.136872612] [rviz]: Message Filter dropping message: frame 'base_scan' at time 14.713 for reason 'discarding message because the queue is full'
[rviz2-5] [INFO] [1785218341.201298275] [rviz]: Message Filter dropping message: frame 'odom' at time 14.821 for reason 'discarding message because the queue is full'
[rviz2-5] [INFO] [1785218341.201503762] [rviz]: Message Filter dropping message: frame 'odom' at time 10.600 for reason 'discarding message because the queue is full'
[rviz2-5] [INFO] [1785218341.329689910] [rviz]: Message Filter dropping message: frame 'base_scan' at time 14.913 for reason 'discarding message because the queue is full'
[component_container_isolated-6] [INFO] [1785218341.331649553] [global_costmap.global_costmap]: Timed out waiting for transform from base_link to map to become available, tf error: Invalid frame ID "map" passed to canTransform argument target_frame - frame does not exist
[rviz2-5] [INFO] [1785218341.425448267] [rviz]: Message Filter dropping message: frame 'odom' at time 15.025 for reason 'discarding message because the queue is full'
[rviz2-5] [INFO] [1785218341.521059876] [rviz]: Message Filter dropping message: frame 'base_scan' at time 15.113 for reason 'discarding message because the queue is full'
[rviz2-5] [INFO] [1785218341.617300159] [rviz]: Message Filter dropping message: frame 'odom' at time 15.229 for reason 'discarding message because the queue is full'
[rviz2-5] [INFO] [1785218341.745030733] [rviz]: Message Filter dropping message: frame 'base_scan' at time 15.313 for reason 'discarding message because the queue is full'
[rviz2-5] [INFO] [1785218341.809061135] [rviz]: Message Filter dropping message: frame 'odom' at time 15.433 for reason 'discarding message because the queue is full'
[component_container_isolated-6] [INFO] [1785218341.831607576] [global_costmap.global_costmap]: Timed out waiting for transform from base_link to map to become available, tf error: Invalid frame ID "map" passed to canTransform argument target_frame - frame does not exist
[rviz2-5] [INFO] [1785218341.937784832] [rviz]: Message Filter dropping message: frame 'base_scan' at time 15.513 for reason 'discarding message because the queue is full'
[component_container_isolated-6] [WARN] [1785218341.958989340] [amcl]: AMCL cannot publish a pose or update the transform. Please set the initial pose...
[rviz2-5] [INFO] [1785218342.001990322] [rviz]: Message Filter dropping message: frame 'odom' at time 15.603 for reason 'discarding message because the queue is full'
[rviz2-5] [INFO] [1785218342.002336500] [rviz]: Message Filter dropping message: frame 'odom' at time 11.200 for reason 'discarding message because the queue is full'
[rviz2-5] [INFO] [1785218342.129661142] [rviz]: Message Filter dropping message: frame 'base_scan' at time 15.713 for reason 'discarding message because the queue is full'
[rviz2-5] [INFO] [1785218342.225574328] [rviz]: Message Filter dropping message: frame 'odom' at time 15.807 for reason 'discarding message because the queue is full'
[component_container_isolated-6] [INFO] [1785218342.331710386] [global_costmap.global_costmap]: Timed out waiting for transform from base_link to map to become available, tf error: Invalid frame ID "map" passed to canTransform argument target_frame - frame does not exist
[rviz2-5] [INFO] [1785218342.353539697] [rviz]: Message Filter dropping message: frame 'base_scan' at time 15.915 for reason 'discarding message because the queue is full'
[rviz2-5] [INFO] [1785218342.417980576] [rviz]: Message Filter dropping message: frame 'odom' at time 16.011 for reason 'discarding message because the queue is full'
[rviz2-5] [INFO] [1785218342.544745674] [rviz]: Message Filter dropping message: frame 'base_scan' at time 16.114 for reason 'discarding message because the queue is full'
[rviz2-5] [INFO] [1785218342.609270786] [rviz]: Message Filter dropping message: frame 'odom' at time 16.215 for reason 'discarding message because the queue is full'
[rviz2-5] [INFO] [1785218342.609981018] [rviz]: Message Filter dropping message: frame 'odom' at time 11.800 for reason 'discarding message because the queue is full'
[rviz2-5] [INFO] [1785218342.769457316] [rviz]: Message Filter dropping message: frame 'base_scan' at time 16.314 for reason 'discarding message because the queue is full'
[rviz2-5] [INFO] [1785218342.801753460] [rviz]: Message Filter dropping message: frame 'odom' at time 16.385 for reason 'discarding message because the queue is full'
[component_container_isolated-6] [INFO] [1785218342.831618505] [global_costmap.global_costmap]: Timed out waiting for transform from base_link to map to become available, tf error: Invalid frame ID "map" passed to canTransform argument target_frame - frame does not exist
[rviz2-5] [INFO] [1785218342.961336054] [rviz]: Message Filter dropping message: frame 'base_scan' at time 16.514 for reason 'discarding message because the queue is full'
[rviz2-5] [INFO] [1785218343.024781636] [rviz]: Message Filter dropping message: frame 'odom' at time 16.589 for reason 'discarding message because the queue is full'
[rviz2-5] [INFO] [1785218343.188744111] [rviz]: Message Filter dropping message: frame 'base_scan' at time 16.714 for reason 'discarding message because the queue is full'
[rviz2-5] [INFO] [1785218343.220121734] [rviz]: Message Filter dropping message: frame 'odom' at time 16.793 for reason 'discarding message because the queue is full'
[rviz2-5] [INFO] [1785218343.220393260] [rviz]: Message Filter dropping message: frame 'odom' at time 12.400 for reason 'discarding message because the queue is full'
[component_container_isolated-6] [INFO] [1785218343.331950586] [global_costmap.global_costmap]: Timed out waiting for transform from base_link to map to become available, tf error: Invalid frame ID "map" passed to canTransform argument target_frame - frame does not exist
[rviz2-5] [INFO] [1785218343.409263645] [rviz]: Message Filter dropping message: frame 'base_scan' at time 16.914 for reason 'discarding message because the queue is full'
[rviz2-5] [INFO] [1785218343.409392656] [rviz]: Message Filter dropping message: frame 'odom' at time 16.997 for reason 'discarding message because the queue is full'
[rviz2-5] [INFO] [1785218343.602174176] [rviz]: Message Filter dropping message: frame 'base_scan' at time 17.114 for reason 'discarding message because the queue is full'
[rviz2-5] [INFO] [1785218343.602401697] [rviz]: Message Filter dropping message: frame 'odom' at time 17.167 for reason 'discarding message because the queue is full'
[rviz2-5] [INFO] [1785218343.793685823] [rviz]: Message Filter dropping message: frame 'base_scan' at time 17.314 for reason 'discarding message because the queue is full'
[rviz2-5] [INFO] [1785218343.825544478] [rviz]: Message Filter dropping message: frame 'odom' at time 17.371 for reason 'discarding message because the queue is full'
[rviz2-5] [INFO] [1785218343.825739119] [rviz]: Message Filter dropping message: frame 'odom' at time 13.000 for reason 'discarding message because the queue is full'
[component_container_isolated-6] [INFO] [1785218343.833372763] [global_costmap.global_costmap]: Timed out waiting for transform from base_link to map to become available, tf error: Invalid frame ID "map" passed to canTransform argument target_frame - frame does not exist
[rviz2-5] [INFO] [1785218344.018108281] [rviz]: Message Filter dropping message: frame 'base_scan' at time 17.514 for reason 'discarding message because the queue is full'
[rviz2-5] [INFO] [1785218344.018650178] [rviz]: Message Filter dropping message: frame 'odom' at time 17.575 for reason 'discarding message because the queue is full'
[component_container_isolated-6] [WARN] [1785218344.206524708] [amcl]: AMCL cannot publish a pose or update the transform. Please set the initial pose...
[rviz2-5] [INFO] [1785218344.209106413] [rviz]: Message Filter dropping message: frame 'base_scan' at time 17.714 for reason 'discarding message because the queue is full'
[rviz2-5] [INFO] [1785218344.209222845] [rviz]: Message Filter dropping message: frame 'odom' at time 17.779 for reason 'discarding message because the queue is full'
[component_container_isolated-6] [INFO] [1785218344.331614953] [global_costmap.global_costmap]: Timed out waiting for transform from base_link to map to become available, tf error: Invalid frame ID "map" passed to canTransform argument target_frame - frame does not exist
[rviz2-5] [INFO] [1785218344.403443920] [rviz]: Message Filter dropping message: frame 'odom' at time 17.949 for reason 'discarding message because the queue is full'
[rviz2-5] [INFO] [1785218344.404065204] [rviz]: Message Filter dropping message: frame 'odom' at time 13.600 for reason 'discarding message because the queue is full'
[rviz2-5] [INFO] [1785218344.433520525] [rviz]: Message Filter dropping message: frame 'base_scan' at time 17.914 for reason 'discarding message because the queue is full'
[rviz2-5] [INFO] [1785218344.625420509] [rviz]: Message Filter dropping message: frame 'base_scan' at time 18.114 for reason 'discarding message because the queue is full'
[rviz2-5] [INFO] [1785218344.625555135] [rviz]: Message Filter dropping message: frame 'odom' at time 18.153 for reason 'discarding message because the queue is full'
[rviz2-5] [INFO] [1785218344.817857939] [rviz]: Message Filter dropping message: frame 'odom' at time 18.357 for reason 'discarding message because the queue is full'
[component_container_isolated-6] [INFO] [1785218344.831855521] [global_costmap.global_costmap]: Timed out waiting for transform from base_link to map to become available, tf error: Invalid frame ID "map" passed to canTransform argument target_frame - frame does not exist
[rviz2-5] [INFO] [1785218344.848919578] [rviz]: Message Filter dropping message: frame 'base_scan' at time 18.314 for reason 'discarding message because the queue is full'
[rviz2-5] [INFO] [1785218345.010794684] [rviz]: Message Filter dropping message: frame 'odom' at time 18.527 for reason 'discarding message because the queue is full'
[rviz2-5] [INFO] [1785218345.041385136] [rviz]: Message Filter dropping message: frame 'base_scan' at time 18.514 for reason 'discarding message because the queue is full'
[rviz2-5] [INFO] [1785218345.201971379] [rviz]: Message Filter dropping message: frame 'odom' at time 18.731 for reason 'discarding message because the queue is full'
[rviz2-5] [INFO] [1785218345.202231855] [rviz]: Message Filter dropping message: frame 'odom' at time 14.200 for reason 'discarding message because the queue is full'
[rviz2-5] [INFO] [1785218345.233474056] [rviz]: Message Filter dropping message: frame 'base_scan' at time 18.714 for reason 'discarding message because the queue is full'
[component_container_isolated-6] [INFO] [1785218345.331566210] [global_costmap.global_costmap]: Timed out waiting for transform from base_link to map to become available, tf error: Invalid frame ID "map" passed to canTransform argument target_frame - frame does not exist
[rviz2-5] [INFO] [1785218345.425777451] [rviz]: Message Filter dropping message: frame 'odom' at time 18.901 for reason 'discarding message because the queue is full'
[rviz2-5] [INFO] [1785218345.457802639] [rviz]: Message Filter dropping message: frame 'base_scan' at time 18.916 for reason 'discarding message because the queue is full'
[rviz2-5] [INFO] [1785218345.617448815] [rviz]: Message Filter dropping message: frame 'odom' at time 19.105 for reason 'discarding message because the queue is full'
[rviz2-5] [INFO] [1785218345.648848008] [rviz]: Message Filter dropping message: frame 'base_scan' at time 19.116 for reason 'discarding message because the queue is full'
[rviz2-5] [INFO] [1785218345.809172977] [rviz]: Message Filter dropping message: frame 'odom' at time 19.309 for reason 'discarding message because the queue is full'
[rviz2-5] [INFO] [1785218345.809270697] [rviz]: Message Filter dropping message: frame 'odom' at time 14.800 for reason 'discarding message because the queue is full'
[component_container_isolated-6] [INFO] [1785218345.831612185] [global_costmap.global_costmap]: Timed out waiting for transform from base_link to map to become available, tf error: Invalid frame ID "map" passed to canTransform argument target_frame - frame does not exist
[rviz2-5] [INFO] [1785218345.840976734] [rviz]: Message Filter dropping message: frame 'base_scan' at time 19.316 for reason 'discarding message because the queue is full'
[rviz2-5] [INFO] [1785218346.003047700] [rviz]: Message Filter dropping message: frame 'odom' at time 19.513 for reason 'discarding message because the queue is full'
[rviz2-5] [INFO] [1785218346.065373139] [rviz]: Message Filter dropping message: frame 'base_scan' at time 19.516 for reason 'discarding message because the queue is full'
[rviz2-5] [INFO] [1785218346.226089552] [rviz]: Message Filter dropping message: frame 'odom' at time 19.683 for reason 'discarding message because the queue is full'
[rviz2-5] [INFO] [1785218346.257338641] [rviz]: Message Filter dropping message: frame 'base_scan' at time 19.716 for reason 'discarding message because the queue is full'
[component_container_isolated-6] [INFO] [1785218346.331589062] [global_costmap.global_costmap]: Timed out waiting for transform from base_link to map to become available, tf error: Invalid frame ID "map" passed to canTransform argument target_frame - frame does not exist
[rviz2-5] [INFO] [1785218346.418335122] [rviz]: Message Filter dropping message: frame 'odom' at time 19.887 for reason 'discarding message because the queue is full'
[rviz2-5] [INFO] [1785218346.418636957] [rviz]: Message Filter dropping message: frame 'odom' at time 15.400 for reason 'discarding message because the queue is full'
[rviz2-5] [INFO] [1785218346.451223922] [rviz]: Message Filter dropping message: frame 'base_scan' at time 19.917 for reason 'discarding message because the queue is full'
[component_container_isolated-6] [WARN] [1785218346.461877100] [amcl]: AMCL cannot publish a pose or update the transform. Please set the initial pose...
[rviz2-5] [INFO] [1785218346.609149716] [rviz]: Message Filter dropping message: frame 'odom' at time 20.091 for reason 'discarding message because the queue is full'
[rviz2-5] [INFO] [1785218346.673310651] [rviz]: Message Filter dropping message: frame 'base_scan' at time 20.116 for reason 'discarding message because the queue is full'
[rviz2-5] [INFO] [1785218346.802221530] [rviz]: Message Filter dropping message: frame 'odom' at time 20.261 for reason 'discarding message because the queue is full'
[component_container_isolated-6] [INFO] [1785218346.831608018] [global_costmap.global_costmap]: Timed out waiting for transform from base_link to map to become available, tf error: Invalid frame ID "map" passed to canTransform argument target_frame - frame does not exist
[rviz2-5] [INFO] [1785218346.864997294] [rviz]: Message Filter dropping message: frame 'base_scan' at time 20.316 for reason 'discarding message because the queue is full'
[rviz2-5] [INFO] [1785218347.025518999] [rviz]: Message Filter dropping message: frame 'odom' at time 20.465 for reason 'discarding message because the queue is full'
[rviz2-5] [INFO] [1785218347.025696392] [rviz]: Message Filter dropping message: frame 'odom' at time 16.000 for reason 'discarding message because the queue is full'
[rviz2-5] [INFO] [1785218347.058095026] [rviz]: Message Filter dropping message: frame 'base_scan' at time 20.516 for reason 'discarding message because the queue is full'
[rviz2-5] [INFO] [1785218347.218105813] [rviz]: Message Filter dropping message: frame 'odom' at time 20.669 for reason 'discarding message because the queue is full'
[rviz2-5] [INFO] [1785218347.249265966] [rviz]: Message Filter dropping message: frame 'base_scan' at time 20.716 for reason 'discarding message because the queue is full'
[component_container_isolated-6] [INFO] [1785218347.331601401] [global_costmap.global_costmap]: Timed out waiting for transform from base_link to map to become available, tf error: Invalid frame ID "map" passed to canTransform argument target_frame - frame does not exist
[rviz2-5] [INFO] [1785218347.408982634] [rviz]: Message Filter dropping message: frame 'odom' at time 20.873 for reason 'discarding message because the queue is full'
[rviz2-5] [INFO] [1785218347.474344491] [rviz]: Message Filter dropping message: frame 'base_scan' at time 20.916 for reason 'discarding message because the queue is full'
[rviz2-5] [INFO] [1785218347.602576783] [rviz]: Message Filter dropping message: frame 'odom' at time 21.077 for reason 'discarding message because the queue is full'
[rviz2-5] [INFO] [1785218347.606646070] [rviz]: Message Filter dropping message: frame 'odom' at time 16.800 for reason 'discarding message because the queue is full'
[rviz2-5] [INFO] [1785218347.665873946] [rviz]: Message Filter dropping message: frame 'base_scan' at time 21.117 for reason 'discarding message because the queue is full'
[rviz2-5] [INFO] [1785218347.826000821] [rviz]: Message Filter dropping message: frame 'odom' at time 21.247 for reason 'discarding message because the queue is full'
[component_container_isolated-6] [INFO] [1785218347.831609337] [global_costmap.global_costmap]: Timed out waiting for transform from base_link to map to become available, tf error: Invalid frame ID "map" passed to canTransform argument target_frame - frame does not exist
[rviz2-5] [INFO] [1785218347.889058234] [rviz]: Message Filter dropping message: frame 'base_scan' at time 21.316 for reason 'discarding message because the queue is full'
[rviz2-5] [INFO] [1785218348.018070591] [rviz]: Message Filter dropping message: frame 'odom' at time 21.451 for reason 'discarding message because the queue is full'
[rviz2-5] [INFO] [1785218348.081407595] [rviz]: Message Filter dropping message: frame 'base_scan' at time 21.516 for reason 'discarding message because the queue is full'
[rviz2-5] [INFO] [1785218348.209726820] [rviz]: Message Filter dropping message: frame 'odom' at time 21.655 for reason 'discarding message because the queue is full'
[rviz2-5] [INFO] [1785218348.209928258] [rviz]: Message Filter dropping message: frame 'odom' at time 17.500 for reason 'discarding message because the queue is full'
[rviz2-5] [INFO] [1785218348.272951800] [rviz]: Message Filter dropping message: frame 'base_scan' at time 21.716 for reason 'discarding message because the queue is full'
[component_container_isolated-6] [INFO] [1785218348.331619999] [global_costmap.global_costmap]: Timed out waiting for transform from base_link to map to become available, tf error: Invalid frame ID "map" passed to canTransform argument target_frame - frame does not exist
[rviz2-5] [INFO] [1785218348.401453118] [rviz]: Message Filter dropping message: frame 'odom' at time 21.859 for reason 'discarding message because the queue is full'
[rviz2-5] [INFO] [1785218348.468261868] [rviz]: Message Filter dropping message: frame 'base_scan' at time 21.916 for reason 'discarding message because the queue is full'
[rviz2-5] [INFO] [1785218348.625887010] [rviz]: Message Filter dropping message: frame 'odom' at time 22.063 for reason 'discarding message because the queue is full'
[rviz2-5] [INFO] [1785218348.689637116] [rviz]: Message Filter dropping message: frame 'base_scan' at time 22.116 for reason 'discarding message because the queue is full'
[component_container_isolated-6] [WARN] [1785218348.698348535] [amcl]: AMCL cannot publish a pose or update the transform. Please set the initial pose...
[rviz2-5] [INFO] [1785218348.818354299] [rviz]: Message Filter dropping message: frame 'odom' at time 22.233 for reason 'discarding message because the queue is full'
[rviz2-5] [INFO] [1785218348.819018869] [rviz]: Message Filter dropping message: frame 'odom' at time 18.100 for reason 'discarding message because the queue is full'
[component_container_isolated-6] [INFO] [1785218348.831722064] [global_costmap.global_costmap]: Timed out waiting for transform from base_link to map to become available, tf error: Invalid frame ID "map" passed to canTransform argument target_frame - frame does not exist
[rviz2-5] [INFO] [1785218348.913467043] [rviz]: Message Filter dropping message: frame 'base_scan' at time 22.316 for reason 'discarding message because the queue is full'
[rviz2-5] [INFO] [1785218349.009669480] [rviz]: Message Filter dropping message: frame 'odom' at time 22.437 for reason 'discarding message because the queue is full'
[rviz2-5] [INFO] [1785218349.105792353] [rviz]: Message Filter dropping message: frame 'base_scan' at time 22.516 for reason 'discarding message because the queue is full'
[rviz2-5] [INFO] [1785218349.201864770] [rviz]: Message Filter dropping message: frame 'odom' at time 22.641 for reason 'discarding message because the queue is full'
[rviz2-5] [INFO] [1785218349.297442155] [rviz]: Message Filter dropping message: frame 'base_scan' at time 22.716 for reason 'discarding message because the queue is full'
[component_container_isolated-6] [INFO] [1785218349.331627723] [global_costmap.global_costmap]: Timed out waiting for transform from base_link to map to become available, tf error: Invalid frame ID "map" passed to canTransform argument target_frame - frame does not exist
[rviz2-5] [INFO] [1785218349.425082227] [rviz]: Message Filter dropping message: frame 'odom' at time 22.845 for reason 'discarding message because the queue is full'
[rviz2-5] [INFO] [1785218349.425244361] [rviz]: Message Filter dropping message: frame 'odom' at time 18.700 for reason 'discarding message because the queue is full'
[rviz2-5] [INFO] [1785218349.490046705] [rviz]: Message Filter dropping message: frame 'base_scan' at time 22.916 for reason 'discarding message because the queue is full'
[rviz2-5] [INFO] [1785218349.617622293] [rviz]: Message Filter dropping message: frame 'odom' at time 23.049 for reason 'discarding message because the queue is full'
[rviz2-5] [INFO] [1785218349.713558854] [rviz]: Message Filter dropping message: frame 'base_scan' at time 23.116 for reason 'discarding message because the queue is full'
[rviz2-5] [INFO] [1785218349.809107715] [rviz]: Message Filter dropping message: frame 'odom' at time 23.219 for reason 'discarding message because the queue is full'
[component_container_isolated-6] [INFO] [1785218349.831574915] [global_costmap.global_costmap]: Timed out waiting for transform from base_link to map to become available, tf error: Invalid frame ID "map" passed to canTransform argument target_frame - frame does not exist
[rviz2-5] [INFO] [1785218349.905437324] [rviz]: Message Filter dropping message: frame 'base_scan' at time 23.316 for reason 'discarding message because the queue is full'
[rviz2-5] [INFO] [1785218350.001974797] [rviz]: Message Filter dropping message: frame 'odom' at time 23.423 for reason 'discarding message because the queue is full'
[rviz2-5] [INFO] [1785218350.002174775] [rviz]: Message Filter dropping message: frame 'odom' at time 19.300 for reason 'discarding message because the queue is full'
[rviz2-5] [INFO] [1785218350.097442318] [rviz]: Message Filter dropping message: frame 'base_scan' at time 23.516 for reason 'discarding message because the queue is full'
[rviz2-5] [INFO] [1785218350.226156648] [rviz]: Message Filter dropping message: frame 'odom' at time 23.627 for reason 'discarding message because the queue is full'
[rviz2-5] [INFO] [1785218350.321473252] [rviz]: Message Filter dropping message: frame 'base_scan' at time 23.716 for reason 'discarding message because the queue is full'
[component_container_isolated-6] [INFO] [1785218350.331582012] [global_costmap.global_costmap]: Timed out waiting for transform from base_link to map to become available, tf error: Invalid frame ID "map" passed to canTransform argument target_frame - frame does not exist
[rviz2-5] [INFO] [1785218350.418029612] [rviz]: Message Filter dropping message: frame 'odom' at time 23.831 for reason 'discarding message because the queue is full'
[rviz2-5] [INFO] [1785218350.512828971] [rviz]: Message Filter dropping message: frame 'base_scan' at time 23.916 for reason 'discarding message because the queue is full'
[rviz2-5] [INFO] [1785218350.609477434] [rviz]: Message Filter dropping message: frame 'odom' at time 24.035 for reason 'discarding message because the queue is full'
[rviz2-5] [INFO] [1785218350.609586210] [rviz]: Message Filter dropping message: frame 'odom' at time 19.900 for reason 'discarding message because the queue is full'
[rviz2-5] [INFO] [1785218350.737259124] [rviz]: Message Filter dropping message: frame 'base_scan' at time 24.116 for reason 'discarding message because the queue is full'
[rviz2-5] [INFO] [1785218350.801908618] [rviz]: Message Filter dropping message: frame 'odom' at time 24.205 for reason 'discarding message because the queue is full'
[component_container_isolated-6] [INFO] [1785218350.831634162] [global_costmap.global_costmap]: Timed out waiting for transform from base_link to map to become available, tf error: Invalid frame ID "map" passed to canTransform argument target_frame - frame does not exist
[rviz2-5] [INFO] [1785218350.929464767] [rviz]: Message Filter dropping message: frame 'base_scan' at time 24.316 for reason 'discarding message because the queue is full'
[component_container_isolated-6] [WARN] [1785218350.949775143] [amcl]: AMCL cannot publish a pose or update the transform. Please set the initial pose...
[rviz2-5] [INFO] [1785218351.025403423] [rviz]: Message Filter dropping message: frame 'odom' at time 24.409 for reason 'discarding message because the queue is full'
[rviz2-5] [INFO] [1785218351.156081571] [rviz]: Message Filter dropping message: frame 'base_scan' at time 24.516 for reason 'discarding message because the queue is full'
[rviz2-5] [INFO] [1785218351.218229300] [rviz]: Message Filter dropping message: frame 'odom' at time 24.613 for reason 'discarding message because the queue is full'
[component_container_isolated-6] [INFO] [1785218351.332245209] [global_costmap.global_costmap]: Timed out waiting for transform from base_link to map to become available, tf error: Invalid frame ID "map" passed to canTransform argument target_frame - frame does not exist
[rviz2-5] [INFO] [1785218351.344875008] [rviz]: Message Filter dropping message: frame 'base_scan' at time 24.716 for reason 'discarding message because the queue is full'
[rviz2-5] [INFO] [1785218351.409216474] [rviz]: Message Filter dropping message: frame 'odom' at time 24.817 for reason 'discarding message because the queue is full'
[rviz2-5] [INFO] [1785218351.409339897] [rviz]: Message Filter dropping message: frame 'odom' at time 20.600 for reason 'discarding message because the queue is full'
[rviz2-5] [INFO] [1785218351.537962283] [rviz]: Message Filter dropping message: frame 'base_scan' at time 24.916 for reason 'discarding message because the queue is full'
[rviz2-5] [INFO] [1785218351.602192768] [rviz]: Message Filter dropping message: frame 'odom' at time 24.987 for reason 'discarding message because the queue is full'
[rviz2-5] [INFO] [1785218351.761541829] [rviz]: Message Filter dropping message: frame 'base_scan' at time 25.116 for reason 'discarding message because the queue is full'
[rviz2-5] [INFO] [1785218351.824948493] [rviz]: Message Filter dropping message: frame 'odom' at time 25.191 for reason 'discarding message because the queue is full'
[component_container_isolated-6] [INFO] [1785218351.833513050] [global_costmap.global_costmap]: Timed out waiting for transform from base_link to map to become available, tf error: Invalid frame ID "map" passed to canTransform argument target_frame - frame does not exist
[rviz2-5] [INFO] [1785218351.986540573] [rviz]: Message Filter dropping message: frame 'base_scan' at time 25.316 for reason 'discarding message because the queue is full'
[rviz2-5] [INFO] [1785218352.017986378] [rviz]: Message Filter dropping message: frame 'odom' at time 25.395 for reason 'discarding message because the queue is full'
[rviz2-5] [INFO] [1785218352.018441765] [rviz]: Message Filter dropping message: frame 'odom' at time 21.200 for reason 'discarding message because the queue is full'
[rviz2-5] [INFO] [1785218352.177609766] [rviz]: Message Filter dropping message: frame 'base_scan' at time 25.516 for reason 'discarding message because the queue is full'
[rviz2-5] [INFO] [1785218352.209649548] [rviz]: Message Filter dropping message: frame 'odom' at time 25.599 for reason 'discarding message because the queue is full'
[component_container_isolated-6] [INFO] [1785218352.331610687] [global_costmap.global_costmap]: Timed out waiting for transform from base_link to map to become available, tf error: Invalid frame ID "map" passed to canTransform argument target_frame - frame does not exist
[rviz2-5] [INFO] [1785218352.369506274] [rviz]: Message Filter dropping message: frame 'base_scan' at time 25.716 for reason 'discarding message because the queue is full'
[rviz2-5] [INFO] [1785218352.402335849] [rviz]: Message Filter dropping message: frame 'odom' at time 25.803 for reason 'discarding message because the queue is full'
[rviz2-5] [INFO] [1785218352.561798459] [rviz]: Message Filter dropping message: frame 'base_scan' at time 25.916 for reason 'discarding message because the queue is full'
[rviz2-5] [INFO] [1785218352.625353327] [rviz]: Message Filter dropping message: frame 'odom' at time 25.973 for reason 'discarding message because the queue is full'
[rviz2-5] [INFO] [1785218352.625442823] [rviz]: Message Filter dropping message: frame 'odom' at time 21.800 for reason 'discarding message because the queue is full'
[rviz2-5] [INFO] [1785218352.785949517] [rviz]: Message Filter dropping message: frame 'base_scan' at time 26.116 for reason 'discarding message because the queue is full'
[rviz2-5] [INFO] [1785218352.818584712] [rviz]: Message Filter dropping message: frame 'odom' at time 26.177 for reason 'discarding message because the queue is full'
[component_container_isolated-6] [INFO] [1785218352.832049456] [global_costmap.global_costmap]: Timed out waiting for transform from base_link to map to become available, tf error: Invalid frame ID "map" passed to canTransform argument target_frame - frame does not exist
[rviz2-5] [INFO] [1785218352.977472347] [rviz]: Message Filter dropping message: frame 'base_scan' at time 26.316 for reason 'discarding message because the queue is full'
[rviz2-5] [INFO] [1785218353.009468094] [rviz]: Message Filter dropping message: frame 'odom' at time 26.381 for reason 'discarding message because the queue is full'
[rviz2-5] [INFO] [1785218353.171600794] [rviz]: Message Filter dropping message: frame 'base_scan' at time 26.516 for reason 'discarding message because the queue is full'
[component_container_isolated-6] [WARN] [1785218353.175001084] [amcl]: AMCL cannot publish a pose or update the transform. Please set the initial pose...
[rviz2-5] [INFO] [1785218353.202796960] [rviz]: Message Filter dropping message: frame 'odom' at time 26.551 for reason 'discarding message because the queue is full'
[rviz2-5] [INFO] [1785218353.203063405] [rviz]: Message Filter dropping message: frame 'odom' at time 22.400 for reason 'discarding message because the queue is full'
[component_container_isolated-6] [INFO] [1785218353.331645847] [global_costmap.global_costmap]: Timed out waiting for transform from base_link to map to become available, tf error: Invalid frame ID "map" passed to canTransform argument target_frame - frame does not exist
[rviz2-5] [INFO] [1785218353.393392790] [rviz]: Message Filter dropping message: frame 'base_scan' at time 26.717 for reason 'discarding message because the queue is full'
[rviz2-5] [INFO] [1785218353.425069572] [rviz]: Message Filter dropping message: frame 'odom' at time 26.755 for reason 'discarding message because the queue is full'
[rviz2-5] [INFO] [1785218353.586438790] [rviz]: Message Filter dropping message: frame 'base_scan' at time 26.916 for reason 'discarding message because the queue is full'
[rviz2-5] [INFO] [1785218353.618062878] [rviz]: Message Filter dropping message: frame 'odom' at time 26.959 for reason 'discarding message because the queue is full'
[rviz2-5] [INFO] [1785218353.777591309] [rviz]: Message Filter dropping message: frame 'base_scan' at time 27.117 for reason 'discarding message because the queue is full'
[rviz2-5] [INFO] [1785218353.810067052] [rviz]: Message Filter dropping message: frame 'odom' at time 27.163 for reason 'discarding message because the queue is full'
[rviz2-5] [INFO] [1785218353.810286048] [rviz]: Message Filter dropping message: frame 'odom' at time 23.000 for reason 'discarding message because the queue is full'
[component_container_isolated-6] [INFO] [1785218353.834220094] [global_costmap.global_costmap]: Timed out waiting for transform from base_link to map to become available, tf error: Invalid frame ID "map" passed to canTransform argument target_frame - frame does not exist
[rviz2-5] [INFO] [1785218354.006166548] [rviz]: Message Filter dropping message: frame 'base_scan' at time 27.320 for reason 'discarding message because the queue is full'
[rviz2-5] [INFO] [1785218354.006548704] [rviz]: Message Filter dropping message: frame 'odom' at time 27.333 for reason 'discarding message because the queue is full'
[rviz2-5] [INFO] [1785218354.225385171] [rviz]: Message Filter dropping message: frame 'base_scan' at time 27.520 for reason 'discarding message because the queue is full'
[rviz2-5] [INFO] [1785218354.225473079] [rviz]: Message Filter dropping message: frame 'odom' at time 27.537 for reason 'discarding message because the queue is full'
[component_container_isolated-6] [INFO] [1785218354.331761026] [global_costmap.global_costmap]: Timed out waiting for transform from base_link to map to become available, tf error: Invalid frame ID "map" passed to canTransform argument target_frame - frame does not exist
[rviz2-5] [INFO] [1785218354.419822247] [rviz]: Message Filter dropping message: frame 'base_scan' at time 27.720 for reason 'discarding message because the queue is full'
[rviz2-5] [INFO] [1785218354.420059103] [rviz]: Message Filter dropping message: frame 'odom' at time 27.741 for reason 'discarding message because the queue is full'
[rviz2-5] [INFO] [1785218354.420097382] [rviz]: Message Filter dropping message: frame 'odom' at time 23.600 for reason 'discarding message because the queue is full'
[rviz2-5] [INFO] [1785218354.610149091] [rviz]: Message Filter dropping message: frame 'odom' at time 27.945 for reason 'discarding message because the queue is full'
[rviz2-5] [INFO] [1785218354.641987237] [rviz]: Message Filter dropping message: frame 'base_scan' at time 27.920 for reason 'discarding message because the queue is full'
[rviz2-5] [INFO] [1785218354.802962584] [rviz]: Message Filter dropping message: frame 'odom' at time 28.149 for reason 'discarding message because the queue is full'
[component_container_isolated-6] [INFO] [1785218354.832441794] [global_costmap.global_costmap]: Timed out waiting for transform from base_link to map to become available, tf error: Invalid frame ID "map" passed to canTransform argument target_frame - frame does not exist
[rviz2-5] [INFO] [1785218354.865810765] [rviz]: Message Filter dropping message: frame 'base_scan' at time 28.120 for reason 'discarding message because the queue is full'
[rviz2-5] [INFO] [1785218355.026822129] [rviz]: Message Filter dropping message: frame 'odom' at time 28.319 for reason 'discarding message because the queue is full'
[rviz2-5] [INFO] [1785218355.057470897] [rviz]: Message Filter dropping message: frame 'base_scan' at time 28.320 for reason 'discarding message because the queue is full'
[rviz2-5] [INFO] [1785218355.218454664] [rviz]: Message Filter dropping message: frame 'odom' at time 28.523 for reason 'discarding message because the queue is full'
[rviz2-5] [INFO] [1785218355.218719228] [rviz]: Message Filter dropping message: frame 'odom' at time 24.200 for reason 'discarding message because the queue is full'
[rviz2-5] [INFO] [1785218355.280804866] [rviz]: Message Filter dropping message: frame 'base_scan' at time 28.520 for reason 'discarding message because the queue is full'
[component_container_isolated-6] [INFO] [1785218355.331591356] [global_costmap.global_costmap]: Timed out waiting for transform from base_link to map to become available, tf error: Invalid frame ID "map" passed to canTransform argument target_frame - frame does not exist
[rviz2-5] [INFO] [1785218355.409367516] [rviz]: Message Filter dropping message: frame 'odom' at time 28.727 for reason 'discarding message because the queue is full'
[component_container_isolated-6] [WARN] [1785218355.488406646] [amcl]: AMCL cannot publish a pose or update the transform. Please set the initial pose...
[rviz2-5] [INFO] [1785218355.505297937] [rviz]: Message Filter dropping message: frame 'base_scan' at time 28.720 for reason 'discarding message because the queue is full'
[rviz2-5] [INFO] [1785218355.602872741] [rviz]: Message Filter dropping message: frame 'odom' at time 28.931 for reason 'discarding message because the queue is full'
[rviz2-5] [INFO] [1785218355.704286871] [rviz]: Message Filter dropping message: frame 'base_scan' at time 28.920 for reason 'discarding message because the queue is full'
[rviz2-5] [INFO] [1785218355.826708927] [rviz]: Message Filter dropping message: frame 'odom' at time 29.135 for reason 'discarding message because the queue is full'
[rviz2-5] [INFO] [1785218355.826856405] [rviz]: Message Filter dropping message: frame 'odom' at time 24.800 for reason 'discarding message because the queue is full'
[component_container_isolated-6] [INFO] [1785218355.831642610] [global_costmap.global_costmap]: Timed out waiting for transform from base_link to map to become available, tf error: Invalid frame ID "map" passed to canTransform argument target_frame - frame does not exist
[rviz2-5] [INFO] [1785218355.922125044] [rviz]: Message Filter dropping message: frame 'base_scan' at time 29.120 for reason 'discarding message because the queue is full'
[rviz2-5] [INFO] [1785218356.017426435] [rviz]: Message Filter dropping message: frame 'odom' at time 29.305 for reason 'discarding message because the queue is full'
[rviz2-5] [INFO] [1785218356.112756100] [rviz]: Message Filter dropping message: frame 'base_scan' at time 29.321 for reason 'discarding message because the queue is full'
[rviz2-5] [INFO] [1785218356.209371261] [rviz]: Message Filter dropping message: frame 'odom' at time 29.475 for reason 'discarding message because the queue is full'
[rviz2-5] [INFO] [1785218356.305822494] [rviz]: Message Filter dropping message: frame 'base_scan' at time 29.520 for reason 'discarding message because the queue is full'
[component_container_isolated-6] [INFO] [1785218356.331573644] [global_costmap.global_costmap]: Timed out waiting for transform from base_link to map to become available, tf error: Invalid frame ID "map" passed to canTransform argument target_frame - frame does not exist
[rviz2-5] [INFO] [1785218356.402013335] [rviz]: Message Filter dropping message: frame 'odom' at time 29.679 for reason 'discarding message because the queue is full'
[rviz2-5] [INFO] [1785218356.402496304] [rviz]: Message Filter dropping message: frame 'odom' at time 25.400 for reason 'discarding message because the queue is full'
[rviz2-5] [INFO] [1785218356.529224796] [rviz]: Message Filter dropping message: frame 'base_scan' at time 29.720 for reason 'discarding message because the queue is full'
[rviz2-5] [INFO] [1785218356.625675327] [rviz]: Message Filter dropping message: frame 'odom' at time 29.883 for reason 'discarding message because the queue is full'
[rviz2-5] [INFO] [1785218356.721792184] [rviz]: Message Filter dropping message: frame 'base_scan' at time 29.920 for reason 'discarding message because the queue is full'
[rviz2-5] [INFO] [1785218356.818466489] [rviz]: Message Filter dropping message: frame 'odom' at time 30.053 for reason 'discarding message because the queue is full'
[component_container_isolated-6] [INFO] [1785218356.831612736] [global_costmap.global_costmap]: Timed out waiting for transform from base_link to map to become available, tf error: Invalid frame ID "map" passed to canTransform argument target_frame - frame does not exist
[rviz2-5] [INFO] [1785218356.912917935] [rviz]: Message Filter dropping message: frame 'base_scan' at time 30.120 for reason 'discarding message because the queue is full'
[rviz2-5] [INFO] [1785218357.009947426] [rviz]: Message Filter dropping message: frame 'odom' at time 30.257 for reason 'discarding message because the queue is full'
[rviz2-5] [INFO] [1785218357.010940991] [rviz]: Message Filter dropping message: frame 'odom' at time 26.000 for reason 'discarding message because the queue is full'
[rviz2-5] [INFO] [1785218357.137424277] [rviz]: Message Filter dropping message: frame 'base_scan' at time 30.320 for reason 'discarding message because the queue is full'
[rviz2-5] [INFO] [1785218357.202235232] [rviz]: Message Filter dropping message: frame 'odom' at time 30.461 for reason 'discarding message because the queue is full'
[rviz2-5] [INFO] [1785218357.328825683] [rviz]: Message Filter dropping message: frame 'base_scan' at time 30.520 for reason 'discarding message because the queue is full'
[component_container_isolated-6] [INFO] [1785218357.331619037] [global_costmap.global_costmap]: Timed out waiting for transform from base_link to map to become available, tf error: Invalid frame ID "map" passed to canTransform argument target_frame - frame does not exist
[rviz2-5] [INFO] [1785218357.425021883] [rviz]: Message Filter dropping message: frame 'odom' at time 30.631 for reason 'discarding message because the queue is full'
[rviz2-5] [INFO] [1785218357.553522753] [rviz]: Message Filter dropping message: frame 'base_scan' at time 30.720 for reason 'discarding message because the queue is full'
[rviz2-5] [INFO] [1785218357.617977902] [rviz]: Message Filter dropping message: frame 'odom' at time 30.801 for reason 'discarding message because the queue is full'
[rviz2-5] [INFO] [1785218357.745303294] [rviz]: Message Filter dropping message: frame 'base_scan' at time 30.920 for reason 'discarding message because the queue is full'
[component_container_isolated-6] [WARN] [1785218357.755033076] [amcl]: AMCL cannot publish a pose or update the transform. Please set the initial pose...
[rviz2-5] [INFO] [1785218357.809553326] [rviz]: Message Filter dropping message: frame 'odom' at time 31.005 for reason 'discarding message because the queue is full'
[rviz2-5] [INFO] [1785218357.809668653] [rviz]: Message Filter dropping message: frame 'odom' at time 26.700 for reason 'discarding message because the queue is full'
[component_container_isolated-6] [INFO] [1785218357.831767437] [global_costmap.global_costmap]: Timed out waiting for transform from base_link to map to become available, tf error: Invalid frame ID "map" passed to canTransform argument target_frame - frame does not exist
[rviz2-5] [INFO] [1785218357.969311216] [rviz]: Message Filter dropping message: frame 'base_scan' at time 31.120 for reason 'discarding message because the queue is full'
[rviz2-5] [INFO] [1785218358.002979316] [rviz]: Message Filter dropping message: frame 'odom' at time 31.209 for reason 'discarding message because the queue is full'
[rviz2-5] [INFO] [1785218358.161509712] [rviz]: Message Filter dropping message: frame 'base_scan' at time 31.320 for reason 'discarding message because the queue is full'
[rviz2-5] [INFO] [1785218358.226232699] [rviz]: Message Filter dropping message: frame 'odom' at time 31.413 for reason 'discarding message because the queue is full'
[component_container_isolated-6] [INFO] [1785218358.331599776] [global_costmap.global_costmap]: Timed out waiting for transform from base_link to map to become available, tf error: Invalid frame ID "map" passed to canTransform argument target_frame - frame does not exist
[rviz2-5] [INFO] [1785218358.353446203] [rviz]: Message Filter dropping message: frame 'base_scan' at time 31.521 for reason 'discarding message because the queue is full'
[rviz2-5] [INFO] [1785218358.418359231] [rviz]: Message Filter dropping message: frame 'odom' at time 31.617 for reason 'discarding message because the queue is full'
[rviz2-5] [INFO] [1785218358.418585780] [rviz]: Message Filter dropping message: frame 'odom' at time 27.300 for reason 'discarding message because the queue is full'
[rviz2-5] [INFO] [1785218358.577055687] [rviz]: Message Filter dropping message: frame 'base_scan' at time 31.720 for reason 'discarding message because the queue is full'
[rviz2-5] [INFO] [1785218358.609902928] [rviz]: Message Filter dropping message: frame 'odom' at time 31.787 for reason 'discarding message because the queue is full'
[rviz2-5] [INFO] [1785218358.769496817] [rviz]: Message Filter dropping message: frame 'base_scan' at time 31.920 for reason 'discarding message because the queue is full'
[rviz2-5] [INFO] [1785218358.801720584] [rviz]: Message Filter dropping message: frame 'odom' at time 31.991 for reason 'discarding message because the queue is full'
[component_container_isolated-6] [INFO] [1785218358.831608197] [global_costmap.global_costmap]: Timed out waiting for transform from base_link to map to become available, tf error: Invalid frame ID "map" passed to canTransform argument target_frame - frame does not exist
[rviz2-5] [INFO] [1785218358.962666638] [rviz]: Message Filter dropping message: frame 'base_scan' at time 32.120 for reason 'discarding message because the queue is full'
[rviz2-5] [INFO] [1785218359.025585879] [rviz]: Message Filter dropping message: frame 'odom' at time 32.195 for reason 'discarding message because the queue is full'
[rviz2-5] [INFO] [1785218359.025683368] [rviz]: Message Filter dropping message: frame 'odom' at time 27.900 for reason 'discarding message because the queue is full'
[rviz2-5] [INFO] [1785218359.185784980] [rviz]: Message Filter dropping message: frame 'base_scan' at time 32.321 for reason 'discarding message because the queue is full'
[rviz2-5] [INFO] [1785218359.217734434] [rviz]: Message Filter dropping message: frame 'odom' at time 32.365 for reason 'discarding message because the queue is full'
[component_container_isolated-6] [INFO] [1785218359.331621821] [global_costmap.global_costmap]: Timed out waiting for transform from base_link to map to become available, tf error: Invalid frame ID "map" passed to canTransform argument target_frame - frame does not exist
[rviz2-5] [INFO] [1785218359.377674739] [rviz]: Message Filter dropping message: frame 'base_scan' at time 32.521 for reason 'discarding message because the queue is full'
[rviz2-5] [INFO] [1785218359.408804064] [rviz]: Message Filter dropping message: frame 'odom' at time 32.569 for reason 'discarding message because the queue is full'
[rviz2-5] [INFO] [1785218359.601622461] [rviz]: Message Filter dropping message: frame 'base_scan' at time 32.721 for reason 'discarding message because the queue is full'
[rviz2-5] [INFO] [1785218359.601735550] [rviz]: Message Filter dropping message: frame 'odom' at time 32.773 for reason 'discarding message because the queue is full'
[rviz2-5] [INFO] [1785218359.601761272] [rviz]: Message Filter dropping message: frame 'odom' at time 28.500 for reason 'discarding message because the queue is full'
[rviz2-5] [INFO] [1785218359.793365007] [rviz]: Message Filter dropping message: frame 'base_scan' at time 32.921 for reason 'discarding message because the queue is full'
[rviz2-5] [INFO] [1785218359.825565928] [rviz]: Message Filter dropping message: frame 'odom' at time 32.977 for reason 'discarding message because the queue is full'
[component_container_isolated-6] [INFO] [1785218359.831611886] [global_costmap.global_costmap]: Timed out waiting for transform from base_link to map to become available, tf error: Invalid frame ID "map" passed to canTransform argument target_frame - frame does not exist
[rviz2-5] [INFO] [1785218359.985960380] [rviz]: Message Filter dropping message: frame 'base_scan' at time 33.121 for reason 'discarding message because the queue is full'
[component_container_isolated-6] [WARN] [1785218360.007934575] [amcl]: AMCL cannot publish a pose or update the transform. Please set the initial pose...
[rviz2-5] [INFO] [1785218360.017889192] [rviz]: Message Filter dropping message: frame 'odom' at time 33.147 for reason 'discarding message because the queue is full'
[rviz2-5] [INFO] [1785218360.209335131] [rviz]: Message Filter dropping message: frame 'base_scan' at time 33.322 for reason 'discarding message because the queue is full'
[rviz2-5] [INFO] [1785218360.209517818] [rviz]: Message Filter dropping message: frame 'odom' at time 33.351 for reason 'discarding message because the queue is full'
[rviz2-5] [INFO] [1785218360.209546580] [rviz]: Message Filter dropping message: frame 'odom' at time 29.100 for reason 'discarding message because the queue is full'
[component_container_isolated-6] [INFO] [1785218360.331586816] [global_costmap.global_costmap]: Timed out waiting for transform from base_link to map to become available, tf error: Invalid frame ID "map" passed to canTransform argument target_frame - frame does not exist
[rviz2-5] [INFO] [1785218360.401904253] [rviz]: Message Filter dropping message: frame 'base_scan' at time 33.521 for reason 'discarding message because the queue is full'
[rviz2-5] [INFO] [1785218360.402010809] [rviz]: Message Filter dropping message: frame 'odom' at time 33.555 for reason 'discarding message because the queue is full'
[rviz2-5] [INFO] [1785218360.592886217] [rviz]: Message Filter dropping message: frame 'base_scan' at time 33.722 for reason 'discarding message because the queue is full'
[rviz2-5] [INFO] [1785218360.625132802] [rviz]: Message Filter dropping message: frame 'odom' at time 33.759 for reason 'discarding message because the queue is full'
[rviz2-5] [INFO] [1785218360.817904876] [rviz]: Message Filter dropping message: frame 'base_scan' at time 33.922 for reason 'discarding message because the queue is full'
[rviz2-5] [INFO] [1785218360.818021201] [rviz]: Message Filter dropping message: frame 'odom' at time 33.963 for reason 'discarding message because the queue is full'
[rviz2-5] [INFO] [1785218360.818050372] [rviz]: Message Filter dropping message: frame 'odom' at time 29.700 for reason 'discarding message because the queue is full'
[component_container_isolated-6] [INFO] [1785218360.831611490] [global_costmap.global_costmap]: Timed out waiting for transform from base_link to map to become available, tf error: Invalid frame ID "map" passed to canTransform argument target_frame - frame does not exist
[rviz2-5] [INFO] [1785218361.010093792] [rviz]: Message Filter dropping message: frame 'base_scan' at time 34.122 for reason 'discarding message because the queue is full'
[rviz2-5] [INFO] [1785218361.010173424] [rviz]: Message Filter dropping message: frame 'odom' at time 34.133 for reason 'discarding message because the queue is full'
[rviz2-5] [INFO] [1785218361.202398791] [rviz]: Message Filter dropping message: frame 'base_scan' at time 34.322 for reason 'discarding message because the queue is full'
[rviz2-5] [INFO] [1785218361.202500446] [rviz]: Message Filter dropping message: frame 'odom' at time 34.337 for reason 'discarding message because the queue is full'
[component_container_isolated-6] [INFO] [1785218361.331615768] [global_costmap.global_costmap]: Timed out waiting for transform from base_link to map to become available, tf error: Invalid frame ID "map" passed to canTransform argument target_frame - frame does not exist
[rviz2-5] [INFO] [1785218361.426098463] [rviz]: Message Filter dropping message: frame 'base_scan' at time 34.523 for reason 'discarding message because the queue is full'
[rviz2-5] [INFO] [1785218361.426183456] [rviz]: Message Filter dropping message: frame 'odom' at time 34.541 for reason 'discarding message because the queue is full'
[rviz2-5] [INFO] [1785218361.426210109] [rviz]: Message Filter dropping message: frame 'odom' at time 30.400 for reason 'discarding message because the queue is full'
[rviz2-5] [INFO] [1785218361.618665962] [rviz]: Message Filter dropping message: frame 'base_scan' at time 34.722 for reason 'discarding message because the queue is full'
[rviz2-5] [INFO] [1785218361.619141968] [rviz]: Message Filter dropping message: frame 'odom' at time 34.745 for reason 'discarding message because the queue is full'
[rviz2-5] [INFO] [1785218361.809328117] [rviz]: Message Filter dropping message: frame 'base_scan' at time 34.922 for reason 'discarding message because the queue is full'
[rviz2-5] [INFO] [1785218361.809410207] [rviz]: Message Filter dropping message: frame 'odom' at time 34.915 for reason 'discarding message because the queue is full'
[component_container_isolated-6] [INFO] [1785218361.831677308] [global_costmap.global_costmap]: Timed out waiting for transform from base_link to map to become available, tf error: Invalid frame ID "map" passed to canTransform argument target_frame - frame does not exist
[rviz2-5] [INFO] [1785218362.001944536] [rviz]: Message Filter dropping message: frame 'base_scan' at time 35.123 for reason 'discarding message because the queue is full'
[rviz2-5] [INFO] [1785218362.002045788] [rviz]: Message Filter dropping message: frame 'odom' at time 35.119 for reason 'discarding message because the queue is full'
[rviz2-5] [INFO] [1785218362.002074727] [rviz]: Message Filter dropping message: frame 'odom' at time 31.000 for reason 'discarding message because the queue is full'
[component_container_isolated-6] [WARN] [1785218362.212001277] [amcl]: AMCL cannot publish a pose or update the transform. Please set the initial pose...
[rviz2-5] [INFO] [1785218362.224991514] [rviz]: Message Filter dropping message: frame 'base_scan' at time 35.325 for reason 'discarding message because the queue is full'
[rviz2-5] [INFO] [1785218362.225081509] [rviz]: Message Filter dropping message: frame 'odom' at time 35.323 for reason 'discarding message because the queue is full'
[component_container_isolated-6] [INFO] [1785218362.331673094] [global_costmap.global_costmap]: Timed out waiting for transform from base_link to map to become available, tf error: Invalid frame ID "map" passed to canTransform argument target_frame - frame does not exist
[rviz2-5] [INFO] [1785218362.420510526] [rviz]: Message Filter dropping message: frame 'base_scan' at time 35.523 for reason 'discarding message because the queue is full'
[rviz2-5] [INFO] [1785218362.420651814] [rviz]: Message Filter dropping message: frame 'odom' at time 35.527 for reason 'discarding message because the queue is full'
[rviz2-5] [INFO] [1785218362.609243242] [rviz]: Message Filter dropping message: frame 'odom' at time 35.731 for reason 'discarding message because the queue is full'
[rviz2-5] [INFO] [1785218362.609338146] [rviz]: Message Filter dropping message: frame 'odom' at time 31.600 for reason 'discarding message because the queue is full'
[rviz2-5] [INFO] [1785218362.641595089] [rviz]: Message Filter dropping message: frame 'base_scan' at time 35.723 for reason 'discarding message because the queue is full'
[rviz2-5] [INFO] [1785218362.801956438] [rviz]: Message Filter dropping message: frame 'odom' at time 35.901 for reason 'discarding message because the queue is full'
[component_container_isolated-6] [INFO] [1785218362.831633160] [global_costmap.global_costmap]: Timed out waiting for transform from base_link to map to become available, tf error: Invalid frame ID "map" passed to canTransform argument target_frame - frame does not exist
[rviz2-5] [INFO] [1785218362.834306004] [rviz]: Message Filter dropping message: frame 'base_scan' at time 35.923 for reason 'discarding message because the queue is full'
[rviz2-5] [INFO] [1785218363.026202594] [rviz]: Message Filter dropping message: frame 'base_scan' at time 36.123 for reason 'discarding message because the queue is full'
[rviz2-5] [INFO] [1785218363.026549101] [rviz]: Message Filter dropping message: frame 'odom' at time 36.105 for reason 'discarding message because the queue is full'
[rviz2-5] [INFO] [1785218363.217967698] [rviz]: Message Filter dropping message: frame 'base_scan' at time 36.323 for reason 'discarding message because the queue is full'
[rviz2-5] [INFO] [1785218363.218127480] [rviz]: Message Filter dropping message: frame 'odom' at time 36.309 for reason 'discarding message because the queue is full'
[rviz2-5] [INFO] [1785218363.218176690] [rviz]: Message Filter dropping message: frame 'odom' at time 32.200 for reason 'discarding message because the queue is full'
[component_container_isolated-6] [INFO] [1785218363.331654941] [global_costmap.global_costmap]: Timed out waiting for transform from base_link to map to become available, tf error: Invalid frame ID "map" passed to canTransform argument target_frame - frame does not exist
[rviz2-5] [INFO] [1785218363.409334680] [rviz]: Message Filter dropping message: frame 'odom' at time 36.513 for reason 'discarding message because the queue is full'
[rviz2-5] [INFO] [1785218363.440992136] [rviz]: Message Filter dropping message: frame 'base_scan' at time 36.523 for reason 'discarding message because the queue is full'
[rviz2-5] [INFO] [1785218363.601734383] [rviz]: Message Filter dropping message: frame 'odom' at time 36.683 for reason 'discarding message because the queue is full'
[rviz2-5] [INFO] [1785218363.633414396] [rviz]: Message Filter dropping message: frame 'base_scan' at time 36.724 for reason 'discarding message because the queue is full'
[rviz2-5] [INFO] [1785218363.825974387] [rviz]: Message Filter dropping message: frame 'odom' at time 36.887 for reason 'discarding message because the queue is full'
[component_container_isolated-6] [INFO] [1785218363.832877685] [global_costmap.global_costmap]: Timed out waiting for transform from base_link to map to become available, tf error: Invalid frame ID "map" passed to canTransform argument target_frame - frame does not exist
[rviz2-5] [INFO] [1785218363.857241502] [rviz]: Message Filter dropping message: frame 'base_scan' at time 36.923 for reason 'discarding message because the queue is full'
[rviz2-5] [INFO] [1785218364.017559006] [rviz]: Message Filter dropping message: frame 'odom' at time 37.091 for reason 'discarding message because the queue is full'
[rviz2-5] [INFO] [1785218364.017744530] [rviz]: Message Filter dropping message: frame 'odom' at time 32.900 for reason 'discarding message because the queue is full'
[rviz2-5] [INFO] [1785218364.049906102] [rviz]: Message Filter dropping message: frame 'base_scan' at time 37.123 for reason 'discarding message because the queue is full'
[rviz2-5] [INFO] [1785218364.209738027] [rviz]: Message Filter dropping message: frame 'odom' at time 37.295 for reason 'discarding message because the queue is full'
[rviz2-5] [INFO] [1785218364.241094840] [rviz]: Message Filter dropping message: frame 'base_scan' at time 37.323 for reason 'discarding message because the queue is full'
[component_container_isolated-6] [INFO] [1785218364.331650170] [global_costmap.global_costmap]: Timed out waiting for transform from base_link to map to become available, tf error: Invalid frame ID "map" passed to canTransform argument target_frame - frame does not exist
[rviz2-5] [INFO] [1785218364.401854280] [rviz]: Message Filter dropping message: frame 'odom' at time 37.499 for reason 'discarding message because the queue is full'
[component_container_isolated-6] [WARN] [1785218364.451667890] [amcl]: AMCL cannot publish a pose or update the transform. Please set the initial pose...
[rviz2-5] [INFO] [1785218364.466002687] [rviz]: Message Filter dropping message: frame 'base_scan' at time 37.523 for reason 'discarding message because the queue is full'
[rviz2-5] [INFO] [1785218364.625401695] [rviz]: Message Filter dropping message: frame 'odom' at time 37.703 for reason 'discarding message because the queue is full'
[rviz2-5] [INFO] [1785218364.625501217] [rviz]: Message Filter dropping message: frame 'odom' at time 33.500 for reason 'discarding message because the queue is full'
[rviz2-5] [INFO] [1785218364.656970747] [rviz]: Message Filter dropping message: frame 'base_scan' at time 37.723 for reason 'discarding message because the queue is full'
[rviz2-5] [INFO] [1785218364.817772420] [rviz]: Message Filter dropping message: frame 'odom' at time 37.907 for reason 'discarding message because the queue is full'
[component_container_isolated-6] [INFO] [1785218364.831657804] [global_costmap.global_costmap]: Timed out waiting for transform from base_link to map to become available, tf error: Invalid frame ID "map" passed to canTransform argument target_frame - frame does not exist
[rviz2-5] [INFO] [1785218364.883389150] [rviz]: Message Filter dropping message: frame 'base_scan' at time 37.923 for reason 'discarding message because the queue is full'
[rviz2-5] [INFO] [1785218365.009377582] [rviz]: Message Filter dropping message: frame 'odom' at time 38.077 for reason 'discarding message because the queue is full'
[rviz2-5] [INFO] [1785218365.074652551] [rviz]: Message Filter dropping message: frame 'base_scan' at time 38.123 for reason 'discarding message because the queue is full'
[rviz2-5] [INFO] [1785218365.201835865] [rviz]: Message Filter dropping message: frame 'odom' at time 38.281 for reason 'discarding message because the queue is full'
[rviz2-5] [INFO] [1785218365.202000741] [rviz]: Message Filter dropping message: frame 'odom' at time 34.100 for reason 'discarding message because the queue is full'
[rviz2-5] [INFO] [1785218365.266259269] [rviz]: Message Filter dropping message: frame 'base_scan' at time 38.323 for reason 'discarding message because the queue is full'
[component_container_isolated-6] [INFO] [1785218365.332932629] [global_costmap.global_costmap]: Timed out waiting for transform from base_link to map to become available, tf error: Invalid frame ID "map" passed to canTransform argument target_frame - frame does not exist
[rviz2-5] [INFO] [1785218365.425458116] [rviz]: Message Filter dropping message: frame 'odom' at time 38.485 for reason 'discarding message because the queue is full'
[rviz2-5] [INFO] [1785218365.489551429] [rviz]: Message Filter dropping message: frame 'base_scan' at time 38.523 for reason 'discarding message because the queue is full'
[rviz2-5] [INFO] [1785218365.618925144] [rviz]: Message Filter dropping message: frame 'odom' at time 38.689 for reason 'discarding message because the queue is full'
[rviz2-5] [INFO] [1785218365.681623625] [rviz]: Message Filter dropping message: frame 'base_scan' at time 38.723 for reason 'discarding message because the queue is full'
[rviz2-5] [INFO] [1785218365.809690627] [rviz]: Message Filter dropping message: frame 'odom' at time 38.893 for reason 'discarding message because the queue is full'
[rviz2-5] [INFO] [1785218365.809792367] [rviz]: Message Filter dropping message: frame 'odom' at time 34.700 for reason 'discarding message because the queue is full'
[component_container_isolated-6] [INFO] [1785218365.831651037] [global_costmap.global_costmap]: Timed out waiting for transform from base_link to map to become available, tf error: Invalid frame ID "map" passed to canTransform argument target_frame - frame does not exist
[rviz2-5] [INFO] [1785218365.874210214] [rviz]: Message Filter dropping message: frame 'base_scan' at time 38.923 for reason 'discarding message because the queue is full'
[rviz2-5] [INFO] [1785218366.001836694] [rviz]: Message Filter dropping message: frame 'odom' at time 39.063 for reason 'discarding message because the queue is full'
[rviz2-5] [INFO] [1785218366.097137001] [rviz]: Message Filter dropping message: frame 'base_scan' at time 39.123 for reason 'discarding message because the queue is full'
[rviz2-5] [INFO] [1785218366.225651725] [rviz]: Message Filter dropping message: frame 'odom' at time 39.267 for reason 'discarding message because the queue is full'
[rviz2-5] [INFO] [1785218366.289629296] [rviz]: Message Filter dropping message: frame 'base_scan' at time 39.323 for reason 'discarding message because the queue is full'
[component_container_isolated-6] [INFO] [1785218366.331618643] [global_costmap.global_costmap]: Timed out waiting for transform from base_link to map to become available, tf error: Invalid frame ID "map" passed to canTransform argument target_frame - frame does not exist
[rviz2-5] [INFO] [1785218366.418119304] [rviz]: Message Filter dropping message: frame 'odom' at time 39.471 for reason 'discarding message because the queue is full'
[rviz2-5] [INFO] [1785218366.418248958] [rviz]: Message Filter dropping message: frame 'odom' at time 35.300 for reason 'discarding message because the queue is full'
[rviz2-5] [INFO] [1785218366.482429386] [rviz]: Message Filter dropping message: frame 'base_scan' at time 39.523 for reason 'discarding message because the queue is full'
[rviz2-5] [INFO] [1785218366.609825408] [rviz]: Message Filter dropping message: frame 'odom' at time 39.675 for reason 'discarding message because the queue is full'
[rviz2-5] [INFO] [1785218366.673661798] [rviz]: Message Filter dropping message: frame 'base_scan' at time 39.723 for reason 'discarding message because the queue is full'
[component_container_isolated-6] [WARN] [1785218366.700737697] [amcl]: AMCL cannot publish a pose or update the transform. Please set the initial pose...
[rviz2-5] [INFO] [1785218366.801822637] [rviz]: Message Filter dropping message: frame 'odom' at time 39.845 for reason 'discarding message because the queue is full'
[component_container_isolated-6] [INFO] [1785218366.832264908] [global_costmap.global_costmap]: Timed out waiting for transform from base_link to map to become available, tf error: Invalid frame ID "map" passed to canTransform argument target_frame - frame does not exist
[rviz2-5] [INFO] [1785218366.897424564] [rviz]: Message Filter dropping message: frame 'base_scan' at time 39.923 for reason 'discarding message because the queue is full'
[rviz2-5] [INFO] [1785218367.026180796] [rviz]: Message Filter dropping message: frame 'odom' at time 40.049 for reason 'discarding message because the queue is full'
[rviz2-5] [INFO] [1785218367.026345964] [rviz]: Message Filter dropping message: frame 'odom' at time 35.900 for reason 'discarding message because the queue is full'
[rviz2-5] [INFO] [1785218367.089478441] [rviz]: Message Filter dropping message: frame 'base_scan' at time 40.123 for reason 'discarding message because the queue is full'
[rviz2-5] [INFO] [1785218367.218790906] [rviz]: Message Filter dropping message: frame 'odom' at time 40.253 for reason 'discarding message because the queue is full'
[rviz2-5] [INFO] [1785218367.281051566] [rviz]: Message Filter dropping message: frame 'base_scan' at time 40.323 for reason 'discarding message because the queue is full'
[component_container_isolated-6] [INFO] [1785218367.331914238] [global_costmap.global_costmap]: Timed out waiting for transform from base_link to map to become available, tf error: Invalid frame ID "map" passed to canTransform argument target_frame - frame does not exist
[rviz2-5] [INFO] [1785218367.409591527] [rviz]: Message Filter dropping message: frame 'odom' at time 40.457 for reason 'discarding message because the queue is full'
[rviz2-5] [INFO] [1785218367.504966534] [rviz]: Message Filter dropping message: frame 'base_scan' at time 40.523 for reason 'discarding message because the queue is full'
[rviz2-5] [INFO] [1785218367.602109851] [rviz]: Message Filter dropping message: frame 'odom' at time 40.627 for reason 'discarding message because the queue is full'
[rviz2-5] [INFO] [1785218367.602281375] [rviz]: Message Filter dropping message: frame 'odom' at time 36.500 for reason 'discarding message because the queue is full'
[rviz2-5] [INFO] [1785218367.697752284] [rviz]: Message Filter dropping message: frame 'base_scan' at time 40.724 for reason 'discarding message because the queue is full'
[rviz2-5] [INFO] [1785218367.826717388] [rviz]: Message Filter dropping message: frame 'odom' at time 40.831 for reason 'discarding message because the queue is full'
[component_container_isolated-6] [INFO] [1785218367.832121869] [global_costmap.global_costmap]: Timed out waiting for transform from base_link to map to become available, tf error: Invalid frame ID "map" passed to canTransform argument target_frame - frame does not exist
[rviz2-5] [INFO] [1785218367.889676431] [rviz]: Message Filter dropping message: frame 'base_scan' at time 40.923 for reason 'discarding message because the queue is full'
[rviz2-5] [INFO] [1785218368.018178214] [rviz]: Message Filter dropping message: frame 'odom' at time 41.035 for reason 'discarding message because the queue is full'
[rviz2-5] [INFO] [1785218368.113747819] [rviz]: Message Filter dropping message: frame 'base_scan' at time 41.124 for reason 'discarding message because the queue is full'
[rviz2-5] [INFO] [1785218368.209754362] [rviz]: Message Filter dropping message: frame 'odom' at time 41.239 for reason 'discarding message because the queue is full'
[rviz2-5] [INFO] [1785218368.209871915] [rviz]: Message Filter dropping message: frame 'odom' at time 37.100 for reason 'discarding message because the queue is full'
[rviz2-5] [INFO] [1785218368.305543592] [rviz]: Message Filter dropping message: frame 'base_scan' at time 41.324 for reason 'discarding message because the queue is full'
[component_container_isolated-6] [INFO] [1785218368.331785410] [global_costmap.global_costmap]: Timed out waiting for transform from base_link to map to become available, tf error: Invalid frame ID "map" passed to canTransform argument target_frame - frame does not exist
[rviz2-5] [INFO] [1785218368.401969307] [rviz]: Message Filter dropping message: frame 'odom' at time 41.443 for reason 'discarding message because the queue is full'
[rviz2-5] [INFO] [1785218368.497558094] [rviz]: Message Filter dropping message: frame 'base_scan' at time 41.524 for reason 'discarding message because the queue is full'
[rviz2-5] [INFO] [1785218368.625574229] [rviz]: Message Filter dropping message: frame 'odom' at time 41.613 for reason 'discarding message because the queue is full'
[rviz2-5] [INFO] [1785218368.690141316] [rviz]: Message Filter dropping message: frame 'base_scan' at time 41.724 for reason 'discarding message because the queue is full'
[rviz2-5] [INFO] [1785218368.817278475] [rviz]: Message Filter dropping message: frame 'odom' at time 41.817 for reason 'discarding message because the queue is full'
[rviz2-5] [INFO] [1785218368.817426911] [rviz]: Message Filter dropping message: frame 'odom' at time 37.700 for reason 'discarding message because the queue is full'
[component_container_isolated-6] [INFO] [1785218368.831933327] [global_costmap.global_costmap]: Timed out waiting for transform from base_link to map to become available, tf error: Invalid frame ID "map" passed to canTransform argument target_frame - frame does not exist
[component_container_isolated-6] [WARN] [1785218368.903074413] [amcl]: AMCL cannot publish a pose or update the transform. Please set the initial pose...
[rviz2-5] [INFO] [1785218368.913312946] [rviz]: Message Filter dropping message: frame 'base_scan' at time 41.924 for reason 'discarding message because the queue is full'
[rviz2-5] [INFO] [1785218369.009236672] [rviz]: Message Filter dropping message: frame 'odom' at time 42.021 for reason 'discarding message because the queue is full'
[rviz2-5] [INFO] [1785218369.138832265] [rviz]: Message Filter dropping message: frame 'base_scan' at time 42.124 for reason 'discarding message because the queue is full'
[rviz2-5] [INFO] [1785218369.201810581] [rviz]: Message Filter dropping message: frame 'odom' at time 42.225 for reason 'discarding message because the queue is full'
[rviz2-5] [INFO] [1785218369.329916219] [rviz]: Message Filter dropping message: frame 'base_scan' at time 42.324 for reason 'discarding message because the queue is full'
[component_container_isolated-6] [INFO] [1785218369.331827097] [global_costmap.global_costmap]: Timed out waiting for transform from base_link to map to become available, tf error: Invalid frame ID "map" passed to canTransform argument target_frame - frame does not exist
[rviz2-5] [INFO] [1785218369.425940648] [rviz]: Message Filter dropping message: frame 'odom' at time 42.429 for reason 'discarding message because the queue is full'
[rviz2-5] [INFO] [1785218369.426102364] [rviz]: Message Filter dropping message: frame 'odom' at time 38.300 for reason 'discarding message because the queue is full'
[rviz2-5] [INFO] [1785218369.521722015] [rviz]: Message Filter dropping message: frame 'base_scan' at time 42.524 for reason 'discarding message because the queue is full'
[rviz2-5] [INFO] [1785218369.617785283] [rviz]: Message Filter dropping message: frame 'odom' at time 42.633 for reason 'discarding message because the queue is full'
[rviz2-5] [INFO] [1785218369.712872984] [rviz]: Message Filter dropping message: frame 'base_scan' at time 42.724 for reason 'discarding message because the queue is full'
[rviz2-5] [INFO] [1785218369.809289449] [rviz]: Message Filter dropping message: frame 'odom' at time 42.837 for reason 'discarding message because the queue is full'
[component_container_isolated-6] [INFO] [1785218369.832259065] [global_costmap.global_costmap]: Timed out waiting for transform from base_link to map to become available, tf error: Invalid frame ID "map" passed to canTransform argument target_frame - frame does not exist
[rviz2-5] [INFO] [1785218369.938114469] [rviz]: Message Filter dropping message: frame 'base_scan' at time 42.924 for reason 'discarding message because the queue is full'
[rviz2-5] [INFO] [1785218370.002132220] [rviz]: Message Filter dropping message: frame 'odom' at time 43.007 for reason 'discarding message because the queue is full'
[rviz2-5] [INFO] [1785218370.002284777] [rviz]: Message Filter dropping message: frame 'odom' at time 39.000 for reason 'discarding message because the queue is full'
[rviz2-5] [INFO] [1785218370.129501392] [rviz]: Message Filter dropping message: frame 'base_scan' at time 43.124 for reason 'discarding message because the queue is full'
[rviz2-5] [INFO] [1785218370.225781755] [rviz]: Message Filter dropping message: frame 'odom' at time 43.211 for reason 'discarding message because the queue is full'
[component_container_isolated-6] [INFO] [1785218370.331750167] [global_costmap.global_costmap]: Timed out waiting for transform from base_link to map to become available, tf error: Invalid frame ID "map" passed to canTransform argument target_frame - frame does not exist
[rviz2-5] [INFO] [1785218370.354060960] [rviz]: Message Filter dropping message: frame 'base_scan' at time 43.324 for reason 'discarding message because the queue is full'
[rviz2-5] [INFO] [1785218370.417990269] [rviz]: Message Filter dropping message: frame 'odom' at time 43.415 for reason 'discarding message because the queue is full'
[rviz2-5] [INFO] [1785218370.545217924] [rviz]: Message Filter dropping message: frame 'base_scan' at time 43.524 for reason 'discarding message because the queue is full'
[rviz2-5] [INFO] [1785218370.611079910] [rviz]: Message Filter dropping message: frame 'odom' at time 43.619 for reason 'discarding message because the queue is full'
[rviz2-5] [INFO] [1785218370.769985527] [rviz]: Message Filter dropping message: frame 'base_scan' at time 43.724 for reason 'discarding message because the queue is full'
[rviz2-5] [INFO] [1785218370.801589079] [rviz]: Message Filter dropping message: frame 'odom' at time 43.823 for reason 'discarding message because the queue is full'
[rviz2-5] [INFO] [1785218370.801682375] [rviz]: Message Filter dropping message: frame 'odom' at time 39.600 for reason 'discarding message because the queue is full'
[component_container_isolated-6] [INFO] [1785218370.831619720] [global_costmap.global_costmap]: Timed out waiting for transform from base_link to map to become available, tf error: Invalid frame ID "map" passed to canTransform argument target_frame - frame does not exist
[rviz2-5] [INFO] [1785218370.961138127] [rviz]: Message Filter dropping message: frame 'base_scan' at time 43.924 for reason 'discarding message because the queue is full'
[rviz2-5] [INFO] [1785218371.026484645] [rviz]: Message Filter dropping message: frame 'odom' at time 43.993 for reason 'discarding message because the queue is full'
[rviz2-5] [INFO] [1785218371.153437080] [rviz]: Message Filter dropping message: frame 'base_scan' at time 44.124 for reason 'discarding message because the queue is full'
[component_container_isolated-6] [WARN] [1785218371.163821307] [amcl]: AMCL cannot publish a pose or update the transform. Please set the initial pose...
[rviz2-5] [INFO] [1785218371.217756356] [rviz]: Message Filter dropping message: frame 'odom' at time 44.197 for reason 'discarding message because the queue is full'
[component_container_isolated-6] [INFO] [1785218371.331619523] [global_costmap.global_costmap]: Timed out waiting for transform from base_link to map to become available, tf error: Invalid frame ID "map" passed to canTransform argument target_frame - frame does not exist
[rviz2-5] [INFO] [1785218371.377642087] [rviz]: Message Filter dropping message: frame 'base_scan' at time 44.324 for reason 'discarding message because the queue is full'
[rviz2-5] [INFO] [1785218371.410790686] [rviz]: Message Filter dropping message: frame 'odom' at time 44.401 for reason 'discarding message because the queue is full'
[rviz2-5] [INFO] [1785218371.410884866] [rviz]: Message Filter dropping message: frame 'odom' at time 40.200 for reason 'discarding message because the queue is full'
[rviz2-5] [INFO] [1785218371.569985597] [rviz]: Message Filter dropping message: frame 'base_scan' at time 44.524 for reason 'discarding message because the queue is full'
[rviz2-5] [INFO] [1785218371.603009744] [rviz]: Message Filter dropping message: frame 'odom' at time 44.605 for reason 'discarding message because the queue is full'
[rviz2-5] [INFO] [1785218371.793011601] [rviz]: Message Filter dropping message: frame 'base_scan' at time 44.724 for reason 'discarding message because the queue is full'
[rviz2-5] [INFO] [1785218371.825096245] [rviz]: Message Filter dropping message: frame 'odom' at time 44.809 for reason 'discarding message because the queue is full'
[component_container_isolated-6] [INFO] [1785218371.831931071] [global_costmap.global_costmap]: Timed out waiting for transform from base_link to map to become available, tf error: Invalid frame ID "map" passed to canTransform argument target_frame - frame does not exist
[rviz2-5] [INFO] [1785218371.985587496] [rviz]: Message Filter dropping message: frame 'base_scan' at time 44.924 for reason 'discarding message because the queue is full'
[rviz2-5] [INFO] [1785218372.017184173] [rviz]: Message Filter dropping message: frame 'odom' at time 44.979 for reason 'discarding message because the queue is full'
[rviz2-5] [INFO] [1785218372.017286731] [rviz]: Message Filter dropping message: frame 'odom' at time 40.800 for reason 'discarding message because the queue is full'
[rviz2-5] [INFO] [1785218372.176979683] [rviz]: Message Filter dropping message: frame 'base_scan' at time 45.124 for reason 'discarding message because the queue is full'
[rviz2-5] [INFO] [1785218372.209465856] [rviz]: Message Filter dropping message: frame 'odom' at time 45.183 for reason 'discarding message because the queue is full'
[component_container_isolated-6] [INFO] [1785218372.331722423] [global_costmap.global_costmap]: Timed out waiting for transform from base_link to map to become available, tf error: Invalid frame ID "map" passed to canTransform argument target_frame - frame does not exist
[rviz2-5] [INFO] [1785218372.401623489] [rviz]: Message Filter dropping message: frame 'base_scan' at time 45.324 for reason 'discarding message because the queue is full'
[rviz2-5] [INFO] [1785218372.401738705] [rviz]: Message Filter dropping message: frame 'odom' at time 45.353 for reason 'discarding message because the queue is full'
[rviz2-5] [INFO] [1785218372.593650215] [rviz]: Message Filter dropping message: frame 'base_scan' at time 45.524 for reason 'discarding message because the queue is full'
[rviz2-5] [INFO] [1785218372.625850985] [rviz]: Message Filter dropping message: frame 'odom' at time 45.557 for reason 'discarding message because the queue is full'
[rviz2-5] [INFO] [1785218372.627474861] [rviz]: Message Filter dropping message: frame 'odom' at time 41.400 for reason 'discarding message because the queue is full'
[rviz2-5] [INFO] [1785218372.819111166] [rviz]: Message Filter dropping message: frame 'base_scan' at time 45.724 for reason 'discarding message because the queue is full'
[rviz2-5] [INFO] [1785218372.819333292] [rviz]: Message Filter dropping message: frame 'odom' at time 45.761 for reason 'discarding message because the queue is full'
[component_container_isolated-6] [INFO] [1785218372.835051177] [global_costmap.global_costmap]: Timed out waiting for transform from base_link to map to become available, tf error: Invalid frame ID "map" passed to canTransform argument target_frame - frame does not exist
[rviz2-5] [INFO] [1785218373.009565644] [rviz]: Message Filter dropping message: frame 'base_scan' at time 45.924 for reason 'discarding message because the queue is full'
[rviz2-5] [INFO] [1785218373.009691270] [rviz]: Message Filter dropping message: frame 'odom' at time 45.965 for reason 'discarding message because the queue is full'
[rviz2-5] [INFO] [1785218373.201677904] [rviz]: Message Filter dropping message: frame 'base_scan' at time 46.124 for reason 'discarding message because the queue is full'
[rviz2-5] [INFO] [1785218373.202003852] [rviz]: Message Filter dropping message: frame 'odom' at time 46.135 for reason 'discarding message because the queue is full'
[rviz2-5] [INFO] [1785218373.202043463] [rviz]: Message Filter dropping message: frame 'odom' at time 42.000 for reason 'discarding message because the queue is full'
[component_container_isolated-6] [INFO] [1785218373.331678360] [global_costmap.global_costmap]: Timed out waiting for transform from base_link to map to become available, tf error: Invalid frame ID "map" passed to canTransform argument target_frame - frame does not exist
[component_container_isolated-6] [WARN] [1785218373.426438062] [amcl]: AMCL cannot publish a pose or update the transform. Please set the initial pose...
[rviz2-5] [INFO] [1785218373.429045292] [rviz]: Message Filter dropping message: frame 'base_scan' at time 46.324 for reason 'discarding message because the queue is full'
[rviz2-5] [INFO] [1785218373.429170869] [rviz]: Message Filter dropping message: frame 'odom' at time 46.339 for reason 'discarding message because the queue is full'
[rviz2-5] [INFO] [1785218373.617760349] [rviz]: Message Filter dropping message: frame 'base_scan' at time 46.524 for reason 'discarding message because the queue is full'
[rviz2-5] [INFO] [1785218373.617897849] [rviz]: Message Filter dropping message: frame 'odom' at time 46.543 for reason 'discarding message because the queue is full'
[rviz2-5] [INFO] [1785218373.809315668] [rviz]: Message Filter dropping message: frame 'base_scan' at time 46.724 for reason 'discarding message because the queue is full'
[rviz2-5] [INFO] [1785218373.809422757] [rviz]: Message Filter dropping message: frame 'odom' at time 46.747 for reason 'discarding message because the queue is full'
[rviz2-5] [INFO] [1785218373.809481813] [rviz]: Message Filter dropping message: frame 'odom' at time 42.600 for reason 'discarding message because the queue is full'
[component_container_isolated-6] [INFO] [1785218373.831616239] [global_costmap.global_costmap]: Timed out waiting for transform from base_link to map to become available, tf error: Invalid frame ID "map" passed to canTransform argument target_frame - frame does not exist
[rviz2-5] [INFO] [1785218374.001697866] [rviz]: Message Filter dropping message: frame 'odom' at time 46.917 for reason 'discarding message because the queue is full'
[rviz2-5] [INFO] [1785218374.034446386] [rviz]: Message Filter dropping message: frame 'base_scan' at time 46.924 for reason 'discarding message because the queue is full'
[rviz2-5] [INFO] [1785218374.225455636] [rviz]: Message Filter dropping message: frame 'base_scan' at time 47.124 for reason 'discarding message because the queue is full'
[rviz2-5] [INFO] [1785218374.225585628] [rviz]: Message Filter dropping message: frame 'odom' at time 47.121 for reason 'discarding message because the queue is full'
[component_container_isolated-6] [INFO] [1785218374.331594326] [global_costmap.global_costmap]: Timed out waiting for transform from base_link to map to become available, tf error: Invalid frame ID "map" passed to canTransform argument target_frame - frame does not exist
[rviz2-5] [INFO] [1785218374.418896963] [rviz]: Message Filter dropping message: frame 'odom' at time 47.325 for reason 'discarding message because the queue is full'
[rviz2-5] [INFO] [1785218374.450359275] [rviz]: Message Filter dropping message: frame 'base_scan' at time 47.324 for reason 'discarding message because the queue is full'
[rviz2-5] [INFO] [1785218374.609056582] [rviz]: Message Filter dropping message: frame 'odom' at time 47.529 for reason 'discarding message because the queue is full'
[rviz2-5] [INFO] [1785218374.609153918] [rviz]: Message Filter dropping message: frame 'odom' at time 43.200 for reason 'discarding message because the queue is full'
[rviz2-5] [INFO] [1785218374.641239016] [rviz]: Message Filter dropping message: frame 'base_scan' at time 47.524 for reason 'discarding message because the queue is full'
[rviz2-5] [INFO] [1785218374.801288919] [rviz]: Message Filter dropping message: frame 'odom' at time 47.699 for reason 'discarding message because the queue is full'
[component_container_isolated-6] [INFO] [1785218374.832009531] [global_costmap.global_costmap]: Timed out waiting for transform from base_link to map to become available, tf error: Invalid frame ID "map" passed to canTransform argument target_frame - frame does not exist
[rviz2-5] [INFO] [1785218374.865943699] [rviz]: Message Filter dropping message: frame 'base_scan' at time 47.724 for reason 'discarding message because the queue is full'
[rviz2-5] [INFO] [1785218375.025779563] [rviz]: Message Filter dropping message: frame 'odom' at time 47.903 for reason 'discarding message because the queue is full'
[rviz2-5] [INFO] [1785218375.057696787] [rviz]: Message Filter dropping message: frame 'base_scan' at time 47.924 for reason 'discarding message because the queue is full'
[rviz2-5] [INFO] [1785218375.217453091] [rviz]: Message Filter dropping message: frame 'odom' at time 48.107 for reason 'discarding message because the queue is full'
[rviz2-5] [INFO] [1785218375.217543314] [rviz]: Message Filter dropping message: frame 'odom' at time 43.800 for reason 'discarding message because the queue is full'
[rviz2-5] [INFO] [1785218375.249425669] [rviz]: Message Filter dropping message: frame 'base_scan' at time 48.124 for reason 'discarding message because the queue is full'
[component_container_isolated-6] [INFO] [1785218375.331772483] [global_costmap.global_costmap]: Timed out waiting for transform from base_link to map to become available, tf error: Invalid frame ID "map" passed to canTransform argument target_frame - frame does not exist
[rviz2-5] [INFO] [1785218375.409842772] [rviz]: Message Filter dropping message: frame 'odom' at time 48.311 for reason 'discarding message because the queue is full'
[rviz2-5] [INFO] [1785218375.473489347] [rviz]: Message Filter dropping message: frame 'base_scan' at time 48.325 for reason 'discarding message because the queue is full'
[rviz2-5] [INFO] [1785218375.601235284] [rviz]: Message Filter dropping message: frame 'odom' at time 48.515 for reason 'discarding message because the queue is full'
[rviz2-5] [INFO] [1785218375.665784522] [rviz]: Message Filter dropping message: frame 'base_scan' at time 48.524 for reason 'discarding message because the queue is full'
[component_container_isolated-6] [WARN] [1785218375.679953363] [amcl]: AMCL cannot publish a pose or update the transform. Please set the initial pose...
[rviz2-5] [INFO] [1785218375.825629014] [rviz]: Message Filter dropping message: frame 'odom' at time 48.685 for reason 'discarding message because the queue is full'
[rviz2-5] [INFO] [1785218375.825829945] [rviz]: Message Filter dropping message: frame 'odom' at time 44.400 for reason 'discarding message because the queue is full'
[component_container_isolated-6] [INFO] [1785218375.831655169] [global_costmap.global_costmap]: Timed out waiting for transform from base_link to map to become available, tf error: Invalid frame ID "map" passed to canTransform argument target_frame - frame does not exist
[rviz2-5] [INFO] [1785218375.889939134] [rviz]: Message Filter dropping message: frame 'base_scan' at time 48.724 for reason 'discarding message because the queue is full'
[rviz2-5] [INFO] [1785218376.018037911] [rviz]: Message Filter dropping message: frame 'odom' at time 48.889 for reason 'discarding message because the queue is full'
[rviz2-5] [INFO] [1785218376.081703375] [rviz]: Message Filter dropping message: frame 'base_scan' at time 48.925 for reason 'discarding message because the queue is full'
[rviz2-5] [INFO] [1785218376.209210679] [rviz]: Message Filter dropping message: frame 'odom' at time 49.093 for reason 'discarding message because the queue is full'
[rviz2-5] [INFO] [1785218376.273883566] [rviz]: Message Filter dropping message: frame 'base_scan' at time 49.125 for reason 'discarding message because the queue is full'
[component_container_isolated-6] [INFO] [1785218376.331721844] [global_costmap.global_costmap]: Timed out waiting for transform from base_link to map to become available, tf error: Invalid frame ID "map" passed to canTransform argument target_frame - frame does not exist
[rviz2-5] [INFO] [1785218376.401880561] [rviz]: Message Filter dropping message: frame 'odom' at time 49.263 for reason 'discarding message because the queue is full'
[rviz2-5] [INFO] [1785218376.402161769] [rviz]: Message Filter dropping message: frame 'odom' at time 45.000 for reason 'discarding message because the queue is full'
[rviz2-5] [INFO] [1785218376.466017804] [rviz]: Message Filter dropping message: frame 'base_scan' at time 49.325 for reason 'discarding message because the queue is full'
[rviz2-5] [INFO] [1785218376.625419790] [rviz]: Message Filter dropping message: frame 'odom' at time 49.467 for reason 'discarding message because the queue is full'
[rviz2-5] [INFO] [1785218376.689214021] [rviz]: Message Filter dropping message: frame 'base_scan' at time 49.525 for reason 'discarding message because the queue is full'
[rviz2-5] [INFO] [1785218376.817819838] [rviz]: Message Filter dropping message: frame 'odom' at time 49.671 for reason 'discarding message because the queue is full'
[component_container_isolated-6] [INFO] [1785218376.831619070] [global_costmap.global_costmap]: Timed out waiting for transform from base_link to map to become available, tf error: Invalid frame ID "map" passed to canTransform argument target_frame - frame does not exist
[rviz2-5] [INFO] [1785218376.882673921] [rviz]: Message Filter dropping message: frame 'base_scan' at time 49.726 for reason 'discarding message because the queue is full'
[rviz2-5] [INFO] [1785218377.009479134] [rviz]: Message Filter dropping message: frame 'odom' at time 49.875 for reason 'discarding message because the queue is full'
[rviz2-5] [INFO] [1785218377.009604751] [rviz]: Message Filter dropping message: frame 'odom' at time 45.700 for reason 'discarding message because the queue is full'
[rviz2-5] [INFO] [1785218377.073633714] [rviz]: Message Filter dropping message: frame 'base_scan' at time 49.926 for reason 'discarding message because the queue is full'
[rviz2-5] [INFO] [1785218377.207118928] [rviz]: Message Filter dropping message: frame 'odom' at time 50.045 for reason 'discarding message because the queue is full'
[rviz2-5] [INFO] [1785218377.331581695] [rviz]: Message Filter dropping message: frame 'base_scan' at time 50.126 for reason 'discarding message because the queue is full'
[component_container_isolated-6] [INFO] [1785218377.333704629] [global_costmap.global_costmap]: Timed out waiting for transform from base_link to map to become available, tf error: Invalid frame ID "map" passed to canTransform argument target_frame - frame does not exist
[rviz2-5] [INFO] [1785218377.425416398] [rviz]: Message Filter dropping message: frame 'odom' at time 50.249 for reason 'discarding message because the queue is full'
[rviz2-5] [INFO] [1785218377.521472747] [rviz]: Message Filter dropping message: frame 'base_scan' at time 50.326 for reason 'discarding message because the queue is full'
[rviz2-5] [INFO] [1785218377.617774110] [rviz]: Message Filter dropping message: frame 'odom' at time 50.453 for reason 'discarding message because the queue is full'
[rviz2-5] [INFO] [1785218377.617879316] [rviz]: Message Filter dropping message: frame 'odom' at time 46.300 for reason 'discarding message because the queue is full'
[rviz2-5] [INFO] [1785218377.713066960] [rviz]: Message Filter dropping message: frame 'base_scan' at time 50.526 for reason 'discarding message because the queue is full'
[rviz2-5] [INFO] [1785218377.809493625] [rviz]: Message Filter dropping message: frame 'odom' at time 50.657 for reason 'discarding message because the queue is full'
[component_container_isolated-6] [INFO] [1785218377.831627172] [global_costmap.global_costmap]: Timed out waiting for transform from base_link to map to become available, tf error: Invalid frame ID "map" passed to canTransform argument target_frame - frame does not exist
[rviz2-5] [INFO] [1785218377.905274897] [rviz]: Message Filter dropping message: frame 'base_scan' at time 50.726 for reason 'discarding message because the queue is full'
[component_container_isolated-6] [WARN] [1785218377.908539119] [amcl]: AMCL cannot publish a pose or update the transform. Please set the initial pose...
[rviz2-5] [INFO] [1785218378.002028853] [rviz]: Message Filter dropping message: frame 'odom' at time 50.861 for reason 'discarding message because the queue is full'
[rviz2-5] [INFO] [1785218378.129285985] [rviz]: Message Filter dropping message: frame 'base_scan' at time 50.927 for reason 'discarding message because the queue is full'
[rviz2-5] [INFO] [1785218378.225207237] [rviz]: Message Filter dropping message: frame 'odom' at time 51.065 for reason 'discarding message because the queue is full'
[rviz2-5] [INFO] [1785218378.225357489] [rviz]: Message Filter dropping message: frame 'odom' at time 46.900 for reason 'discarding message because the queue is full'
[rviz2-5] [INFO] [1785218378.321033892] [rviz]: Message Filter dropping message: frame 'base_scan' at time 51.126 for reason 'discarding message because the queue is full'
[component_container_isolated-6] [INFO] [1785218378.331614032] [global_costmap.global_costmap]: Timed out waiting for transform from base_link to map to become available, tf error: Invalid frame ID "map" passed to canTransform argument target_frame - frame does not exist
[rviz2-5] [INFO] [1785218378.418630373] [rviz]: Message Filter dropping message: frame 'odom' at time 51.235 for reason 'discarding message because the queue is full'
[rviz2-5] [INFO] [1785218378.546271668] [rviz]: Message Filter dropping message: frame 'base_scan' at time 51.326 for reason 'discarding message because the queue is full'
[rviz2-5] [INFO] [1785218378.609832916] [rviz]: Message Filter dropping message: frame 'odom' at time 51.439 for reason 'discarding message because the queue is full'
[rviz2-5] [INFO] [1785218378.737989537] [rviz]: Message Filter dropping message: frame 'base_scan' at time 51.526 for reason 'discarding message because the queue is full'
[rviz2-5] [INFO] [1785218378.802894667] [rviz]: Message Filter dropping message: frame 'odom' at time 51.643 for reason 'discarding message because the queue is full'
[rviz2-5] [INFO] [1785218378.803049189] [rviz]: Message Filter dropping message: frame 'odom' at time 47.500 for reason 'discarding message because the queue is full'
[component_container_isolated-6] [INFO] [1785218378.831678790] [global_costmap.global_costmap]: Timed out waiting for transform from base_link to map to become available, tf error: Invalid frame ID "map" passed to canTransform argument target_frame - frame does not exist
[rviz2-5] [INFO] [1785218378.929704646] [rviz]: Message Filter dropping message: frame 'base_scan' at time 51.726 for reason 'discarding message because the queue is full'
[rviz2-5] [INFO] [1785218379.025627994] [rviz]: Message Filter dropping message: frame 'odom' at time 51.847 for reason 'discarding message because the queue is full'
[rviz2-5] [INFO] [1785218379.120941389] [rviz]: Message Filter dropping message: frame 'base_scan' at time 51.926 for reason 'discarding message because the queue is full'
[rviz2-5] [INFO] [1785218379.218442670] [rviz]: Message Filter dropping message: frame 'odom' at time 52.017 for reason 'discarding message because the queue is full'
[component_container_isolated-6] [INFO] [1785218379.331596400] [global_costmap.global_costmap]: Timed out waiting for transform from base_link to map to become available, tf error: Invalid frame ID "map" passed to canTransform argument target_frame - frame does not exist
[rviz2-5] [INFO] [1785218379.346290901] [rviz]: Message Filter dropping message: frame 'base_scan' at time 52.126 for reason 'discarding message because the queue is full'
[rviz2-5] [INFO] [1785218379.409221999] [rviz]: Message Filter dropping message: frame 'odom' at time 52.187 for reason 'discarding message because the queue is full'
[rviz2-5] [INFO] [1785218379.538062180] [rviz]: Message Filter dropping message: frame 'base_scan' at time 52.326 for reason 'discarding message because the queue is full'
[rviz2-5] [INFO] [1785218379.602070792] [rviz]: Message Filter dropping message: frame 'odom' at time 52.391 for reason 'discarding message because the queue is full'
[rviz2-5] [INFO] [1785218379.602307538] [rviz]: Message Filter dropping message: frame 'odom' at time 48.100 for reason 'discarding message because the queue is full'
[rviz2-5] [INFO] [1785218379.729683189] [rviz]: Message Filter dropping message: frame 'base_scan' at time 52.526 for reason 'discarding message because the queue is full'
[rviz2-5] [INFO] [1785218379.825523121] [rviz]: Message Filter dropping message: frame 'odom' at time 52.595 for reason 'discarding message because the queue is full'
[component_container_isolated-6] [INFO] [1785218379.831635041] [global_costmap.global_costmap]: Timed out waiting for transform from base_link to map to become available, tf error: Invalid frame ID "map" passed to canTransform argument target_frame - frame does not exist
[rviz2-5] [INFO] [1785218379.954018316] [rviz]: Message Filter dropping message: frame 'base_scan' at time 52.726 for reason 'discarding message because the queue is full'
[rviz2-5] [INFO] [1785218380.018834448] [rviz]: Message Filter dropping message: frame 'odom' at time 52.799 for reason 'discarding message because the queue is full'
[component_container_isolated-6] [WARN] [1785218380.141352933] [amcl]: AMCL cannot publish a pose or update the transform. Please set the initial pose...
[rviz2-5] [INFO] [1785218380.145796943] [rviz]: Message Filter dropping message: frame 'base_scan' at time 52.926 for reason 'discarding message because the queue is full'
[rviz2-5] [INFO] [1785218380.209645472] [rviz]: Message Filter dropping message: frame 'odom' at time 53.003 for reason 'discarding message because the queue is full'
[rviz2-5] [INFO] [1785218380.209744097] [rviz]: Message Filter dropping message: frame 'odom' at time 48.700 for reason 'discarding message because the queue is full'
[component_container_isolated-6] [INFO] [1785218380.331572089] [global_costmap.global_costmap]: Timed out waiting for transform from base_link to map to become available, tf error: Invalid frame ID "map" passed to canTransform argument target_frame - frame does not exist
[rviz2-5] [INFO] [1785218380.337789924] [rviz]: Message Filter dropping message: frame 'base_scan' at time 53.126 for reason 'discarding message because the queue is full'
[rviz2-5] [INFO] [1785218380.401849319] [rviz]: Message Filter dropping message: frame 'odom' at time 53.207 for reason 'discarding message because the queue is full'
[rviz2-5] [INFO] [1785218380.561331433] [rviz]: Message Filter dropping message: frame 'base_scan' at time 53.327 for reason 'discarding message because the queue is full'
[rviz2-5] [INFO] [1785218380.626019727] [rviz]: Message Filter dropping message: frame 'odom' at time 53.377 for reason 'discarding message because the queue is full'
[rviz2-5] [INFO] [1785218380.753589169] [rviz]: Message Filter dropping message: frame 'base_scan' at time 53.527 for reason 'discarding message because the queue is full'
[rviz2-5] [INFO] [1785218380.817984382] [rviz]: Message Filter dropping message: frame 'odom' at time 53.581 for reason 'discarding message because the queue is full'
[rviz2-5] [INFO] [1785218380.818166161] [rviz]: Message Filter dropping message: frame 'odom' at time 49.400 for reason 'discarding message because the queue is full'
[component_container_isolated-6] [INFO] [1785218380.833014080] [global_costmap.global_costmap]: Timed out waiting for transform from base_link to map to become available, tf error: Invalid frame ID "map" passed to canTransform argument target_frame - frame does not exist
[rviz2-5] [INFO] [1785218380.945055651] [rviz]: Message Filter dropping message: frame 'base_scan' at time 53.727 for reason 'discarding message because the queue is full'
[rviz2-5] [INFO] [1785218381.009627051] [rviz]: Message Filter dropping message: frame 'odom' at time 53.785 for reason 'discarding message because the queue is full'
[rviz2-5] [INFO] [1785218381.137788181] [rviz]: Message Filter dropping message: frame 'base_scan' at time 53.927 for reason 'discarding message because the queue is full'
[rviz2-5] [INFO] [1785218381.201949355] [rviz]: Message Filter dropping message: frame 'odom' at time 53.989 for reason 'discarding message because the queue is full'
[component_container_isolated-6] [INFO] [1785218381.332938551] [global_costmap.global_costmap]: Timed out waiting for transform from base_link to map to become available, tf error: Invalid frame ID "map" passed to canTransform argument target_frame - frame does not exist
[rviz2-5] [INFO] [1785218381.361339679] [rviz]: Message Filter dropping message: frame 'base_scan' at time 54.127 for reason 'discarding message because the queue is full'
[rviz2-5] [INFO] [1785218381.425022122] [rviz]: Message Filter dropping message: frame 'odom' at time 54.193 for reason 'discarding message because the queue is full'
[rviz2-5] [INFO] [1785218381.425147125] [rviz]: Message Filter dropping message: frame 'odom' at time 50.000 for reason 'discarding message because the queue is full'
[rviz2-5] [INFO] [1785218381.553567468] [rviz]: Message Filter dropping message: frame 'base_scan' at time 54.327 for reason 'discarding message because the queue is full'
[rviz2-5] [INFO] [1785218381.617737011] [rviz]: Message Filter dropping message: frame 'odom' at time 54.397 for reason 'discarding message because the queue is full'
[rviz2-5] [INFO] [1785218381.745289855] [rviz]: Message Filter dropping message: frame 'base_scan' at time 54.527 for reason 'discarding message because the queue is full'
[rviz2-5] [INFO] [1785218381.809425088] [rviz]: Message Filter dropping message: frame 'odom' at time 54.567 for reason 'discarding message because the queue is full'
[component_container_isolated-6] [INFO] [1785218381.831622470] [global_costmap.global_costmap]: Timed out waiting for transform from base_link to map to become available, tf error: Invalid frame ID "map" passed to canTransform argument target_frame - frame does not exist
[rviz2-5] [INFO] [1785218381.969674220] [rviz]: Message Filter dropping message: frame 'base_scan' at time 54.727 for reason 'discarding message because the queue is full'
[rviz2-5] [INFO] [1785218382.002169010] [rviz]: Message Filter dropping message: frame 'odom' at time 54.771 for reason 'discarding message because the queue is full'
[rviz2-5] [INFO] [1785218382.002315251] [rviz]: Message Filter dropping message: frame 'odom' at time 50.600 for reason 'discarding message because the queue is full'
[rviz2-5] [INFO] [1785218382.162299334] [rviz]: Message Filter dropping message: frame 'base_scan' at time 54.927 for reason 'discarding message because the queue is full'
[rviz2-5] [INFO] [1785218382.225351641] [rviz]: Message Filter dropping message: frame 'odom' at time 54.975 for reason 'discarding message because the queue is full'
[component_container_isolated-6] [INFO] [1785218382.331616052] [global_costmap.global_costmap]: Timed out waiting for transform from base_link to map to become available, tf error: Invalid frame ID "map" passed to canTransform argument target_frame - frame does not exist
[rviz2-5] [INFO] [1785218382.353639896] [rviz]: Message Filter dropping message: frame 'base_scan' at time 55.127 for reason 'discarding message because the queue is full'
[component_container_isolated-6] [WARN] [1785218382.370055318] [amcl]: AMCL cannot publish a pose or update the transform. Please set the initial pose...
[rviz2-5] [INFO] [1785218382.418118261] [rviz]: Message Filter dropping message: frame 'odom' at time 55.179 for reason 'discarding message because the queue is full'
[rviz2-5] [INFO] [1785218382.545192458] [rviz]: Message Filter dropping message: frame 'base_scan' at time 55.327 for reason 'discarding message because the queue is full'
[rviz2-5] [INFO] [1785218382.609272149] [rviz]: Message Filter dropping message: frame 'odom' at time 55.383 for reason 'discarding message because the queue is full'
[rviz2-5] [INFO] [1785218382.609395245] [rviz]: Message Filter dropping message: frame 'odom' at time 51.200 for reason 'discarding message because the queue is full'
[rviz2-5] [INFO] [1785218382.769531452] [rviz]: Message Filter dropping message: frame 'base_scan' at time 55.527 for reason 'discarding message because the queue is full'
[rviz2-5] [INFO] [1785218382.801948891] [rviz]: Message Filter dropping message: frame 'odom' at time 55.587 for reason 'discarding message because the queue is full'
[component_container_isolated-6] [INFO] [1785218382.831622288] [global_costmap.global_costmap]: Timed out waiting for transform from base_link to map to become available, tf error: Invalid frame ID "map" passed to canTransform argument target_frame - frame does not exist
[rviz2-5] [INFO] [1785218382.962592035] [rviz]: Message Filter dropping message: frame 'base_scan' at time 55.727 for reason 'discarding message because the queue is full'
[rviz2-5] [INFO] [1785218383.026329628] [rviz]: Message Filter dropping message: frame 'odom' at time 55.757 for reason 'discarding message because the queue is full'
[rviz2-5] [INFO] [1785218383.153969299] [rviz]: Message Filter dropping message: frame 'base_scan' at time 55.927 for reason 'discarding message because the queue is full'
[rviz2-5] [INFO] [1785218383.218162600] [rviz]: Message Filter dropping message: frame 'odom' at time 55.961 for reason 'discarding message because the queue is full'
[rviz2-5] [INFO] [1785218383.218355026] [rviz]: Message Filter dropping message: frame 'odom' at time 51.800 for reason 'discarding message because the queue is full'
[component_container_isolated-6] [INFO] [1785218383.331552720] [global_costmap.global_costmap]: Timed out waiting for transform from base_link to map to become available, tf error: Invalid frame ID "map" passed to canTransform argument target_frame - frame does not exist
[rviz2-5] [INFO] [1785218383.377733742] [rviz]: Message Filter dropping message: frame 'base_scan' at time 56.127 for reason 'discarding message because the queue is full'
[rviz2-5] [INFO] [1785218383.410088765] [rviz]: Message Filter dropping message: frame 'odom' at time 56.165 for reason 'discarding message because the queue is full'
[rviz2-5] [INFO] [1785218383.569933580] [rviz]: Message Filter dropping message: frame 'base_scan' at time 56.327 for reason 'discarding message because the queue is full'
[rviz2-5] [INFO] [1785218383.601929952] [rviz]: Message Filter dropping message: frame 'odom' at time 56.369 for reason 'discarding message because the queue is full'
[rviz2-5] [INFO] [1785218383.761826175] [rviz]: Message Filter dropping message: frame 'base_scan' at time 56.527 for reason 'discarding message because the queue is full'
[rviz2-5] [INFO] [1785218383.825221518] [rviz]: Message Filter dropping message: frame 'odom' at time 56.573 for reason 'discarding message because the queue is full'
[rviz2-5] [INFO] [1785218383.825329836] [rviz]: Message Filter dropping message: frame 'odom' at time 52.400 for reason 'discarding message because the queue is full'
[component_container_isolated-6] [INFO] [1785218383.831697693] [global_costmap.global_costmap]: Timed out waiting for transform from base_link to map to become available, tf error: Invalid frame ID "map" passed to canTransform argument target_frame - frame does not exist
[rviz2-5] [INFO] [1785218383.987002509] [rviz]: Message Filter dropping message: frame 'base_scan' at time 56.727 for reason 'discarding message because the queue is full'
[rviz2-5] [INFO] [1785218384.018487285] [rviz]: Message Filter dropping message: frame 'odom' at time 56.777 for reason 'discarding message because the queue is full'
[rviz2-5] [INFO] [1785218384.178043384] [rviz]: Message Filter dropping message: frame 'base_scan' at time 56.927 for reason 'discarding message because the queue is full'
[rviz2-5] [INFO] [1785218384.209391586] [rviz]: Message Filter dropping message: frame 'odom' at time 56.947 for reason 'discarding message because the queue is full'
[component_container_isolated-6] [INFO] [1785218384.331648207] [global_costmap.global_costmap]: Timed out waiting for transform from base_link to map to become available, tf error: Invalid frame ID "map" passed to canTransform argument target_frame - frame does not exist
[rviz2-5] [INFO] [1785218384.369231579] [rviz]: Message Filter dropping message: frame 'base_scan' at time 57.127 for reason 'discarding message because the queue is full'
[rviz2-5] [INFO] [1785218384.402333293] [rviz]: Message Filter dropping message: frame 'odom' at time 57.151 for reason 'discarding message because the queue is full'
[rviz2-5] [INFO] [1785218384.402468837] [rviz]: Message Filter dropping message: frame 'odom' at time 53.000 for reason 'discarding message because the queue is full'
[component_container_isolated-6] [WARN] [1785218384.565004303] [amcl]: AMCL cannot publish a pose or update the transform. Please set the initial pose...
[rviz2-5] [INFO] [1785218384.593501731] [rviz]: Message Filter dropping message: frame 'base_scan' at time 57.327 for reason 'discarding message because the queue is full'
[rviz2-5] [INFO] [1785218384.625899761] [rviz]: Message Filter dropping message: frame 'odom' at time 57.355 for reason 'discarding message because the queue is full'
[rviz2-5] [INFO] [1785218384.785796960] [rviz]: Message Filter dropping message: frame 'base_scan' at time 57.527 for reason 'discarding message because the queue is full'
[rviz2-5] [INFO] [1785218384.817972775] [rviz]: Message Filter dropping message: frame 'odom' at time 57.559 for reason 'discarding message because the queue is full'
[component_container_isolated-6] [INFO] [1785218384.831852740] [global_costmap.global_costmap]: Timed out waiting for transform from base_link to map to become available, tf error: Invalid frame ID "map" passed to canTransform argument target_frame - frame does not exist
[rviz2-5] [INFO] [1785218384.978186757] [rviz]: Message Filter dropping message: frame 'base_scan' at time 57.727 for reason 'discarding message because the queue is full'
[rviz2-5] [INFO] [1785218385.009637345] [rviz]: Message Filter dropping message: frame 'odom' at time 57.763 for reason 'discarding message because the queue is full'
[rviz2-5] [INFO] [1785218385.009799879] [rviz]: Message Filter dropping message: frame 'odom' at time 53.600 for reason 'discarding message because the queue is full'
[rviz2-5] [INFO] [1785218385.202076697] [rviz]: Message Filter dropping message: frame 'base_scan' at time 57.927 for reason 'discarding message because the queue is full'
[rviz2-5] [INFO] [1785218385.202275268] [rviz]: Message Filter dropping message: frame 'odom' at time 57.967 for reason 'discarding message because the queue is full'
[component_container_isolated-6] [INFO] [1785218385.331646299] [global_costmap.global_costmap]: Timed out waiting for transform from base_link to map to become available, tf error: Invalid frame ID "map" passed to canTransform argument target_frame - frame does not exist
[rviz2-5] [INFO] [1785218385.393766479] [rviz]: Message Filter dropping message: frame 'base_scan' at time 58.127 for reason 'discarding message because the queue is full'
[rviz2-5] [INFO] [1785218385.426007083] [rviz]: Message Filter dropping message: frame 'odom' at time 58.171 for reason 'discarding message because the queue is full'
[rviz2-5] [INFO] [1785218385.585826127] [rviz]: Message Filter dropping message: frame 'base_scan' at time 58.327 for reason 'discarding message because the queue is full'
[rviz2-5] [INFO] [1785218385.617543680] [rviz]: Message Filter dropping message: frame 'odom' at time 58.341 for reason 'discarding message because the queue is full'
[rviz2-5] [INFO] [1785218385.617709380] [rviz]: Message Filter dropping message: frame 'odom' at time 54.300 for reason 'discarding message because the queue is full'
[rviz2-5] [INFO] [1785218385.809250425] [rviz]: Message Filter dropping message: frame 'base_scan' at time 58.527 for reason 'discarding message because the queue is full'
[rviz2-5] [INFO] [1785218385.809377746] [rviz]: Message Filter dropping message: frame 'odom' at time 58.545 for reason 'discarding message because the queue is full'
[component_container_isolated-6] [INFO] [1785218385.831624142] [global_costmap.global_costmap]: Timed out waiting for transform from base_link to map to become available, tf error: Invalid frame ID "map" passed to canTransform argument target_frame - frame does not exist
[rviz2-5] [INFO] [1785218386.001545492] [rviz]: Message Filter dropping message: frame 'base_scan' at time 58.727 for reason 'discarding message because the queue is full'
[rviz2-5] [INFO] [1785218386.001758686] [rviz]: Message Filter dropping message: frame 'odom' at time 58.749 for reason 'discarding message because the queue is full'
[rviz2-5] [INFO] [1785218386.194507951] [rviz]: Message Filter dropping message: frame 'base_scan' at time 58.927 for reason 'discarding message because the queue is full'
[rviz2-5] [INFO] [1785218386.226204989] [rviz]: Message Filter dropping message: frame 'odom' at time 58.953 for reason 'discarding message because the queue is full'
[rviz2-5] [INFO] [1785218386.227364163] [rviz]: Message Filter dropping message: frame 'odom' at time 54.900 for reason 'discarding message because the queue is full'
[component_container_isolated-6] [INFO] [1785218386.331637212] [global_costmap.global_costmap]: Timed out waiting for transform from base_link to map to become available, tf error: Invalid frame ID "map" passed to canTransform argument target_frame - frame does not exist
[rviz2-5] [INFO] [1785218386.417743649] [rviz]: Message Filter dropping message: frame 'base_scan' at time 59.127 for reason 'discarding message because the queue is full'
[rviz2-5] [INFO] [1785218386.417878648] [rviz]: Message Filter dropping message: frame 'odom' at time 59.157 for reason 'discarding message because the queue is full'
[rviz2-5] [INFO] [1785218386.610027726] [rviz]: Message Filter dropping message: frame 'base_scan' at time 59.327 for reason 'discarding message because the queue is full'
[rviz2-5] [INFO] [1785218386.610130090] [rviz]: Message Filter dropping message: frame 'odom' at time 59.361 for reason 'discarding message because the queue is full'
[component_container_isolated-6] [WARN] [1785218386.800925511] [amcl]: AMCL cannot publish a pose or update the transform. Please set the initial pose...
[rviz2-5] [INFO] [1785218386.801581038] [rviz]: Message Filter dropping message: frame 'base_scan' at time 59.527 for reason 'discarding message because the queue is full'
[rviz2-5] [INFO] [1785218386.801733477] [rviz]: Message Filter dropping message: frame 'odom' at time 59.531 for reason 'discarding message because the queue is full'
[rviz2-5] [INFO] [1785218386.801774498] [rviz]: Message Filter dropping message: frame 'odom' at time 55.500 for reason 'discarding message because the queue is full'
[component_container_isolated-6] [INFO] [1785218386.832483018] [global_costmap.global_costmap]: Timed out waiting for transform from base_link to map to become available, tf error: Invalid frame ID "map" passed to canTransform argument target_frame - frame does not exist
[rviz2-5] [INFO] [1785218386.993196048] [rviz]: Message Filter dropping message: frame 'base_scan' at time 59.727 for reason 'discarding message because the queue is full'
[rviz2-5] [INFO] [1785218387.025812157] [rviz]: Message Filter dropping message: frame 'odom' at time 59.735 for reason 'discarding message because the queue is full'
[rviz2-5] [INFO] [1785218387.219939157] [rviz]: Message Filter dropping message: frame 'base_scan' at time 59.927 for reason 'discarding message because the queue is full'
[rviz2-5] [INFO] [1785218387.220042530] [rviz]: Message Filter dropping message: frame 'odom' at time 59.939 for reason 'discarding message because the queue is full'
[component_container_isolated-6] [INFO] [1785218387.331755991] [global_costmap.global_costmap]: Timed out waiting for transform from base_link to map to become available, tf error: Invalid frame ID "map" passed to canTransform argument target_frame - frame does not exist
[rviz2-5] [INFO] [1785218387.409130180] [rviz]: Message Filter dropping message: frame 'base_scan' at time 60.127 for reason 'discarding message because the queue is full'
[rviz2-5] [INFO] [1785218387.409285366] [rviz]: Message Filter dropping message: frame 'odom' at time 60.143 for reason 'discarding message because the queue is full'
[rviz2-5] [INFO] [1785218387.409317053] [rviz]: Message Filter dropping message: frame 'odom' at time 56.100 for reason 'discarding message because the queue is full'
[rviz2-5] [INFO] [1785218387.603260983] [rviz]: Message Filter dropping message: frame 'odom' at time 60.313 for reason 'discarding message because the queue is full'
[rviz2-5] [INFO] [1785218387.637053290] [rviz]: Message Filter dropping message: frame 'base_scan' at time 60.327 for reason 'discarding message because the queue is full'
[rviz2-5] [INFO] [1785218387.825665991] [rviz]: Message Filter dropping message: frame 'base_scan' at time 60.527 for reason 'discarding message because the queue is full'
[rviz2-5] [INFO] [1785218387.825790868] [rviz]: Message Filter dropping message: frame 'odom' at time 60.517 for reason 'discarding message because the queue is full'
[component_container_isolated-6] [INFO] [1785218387.831628659] [global_costmap.global_costmap]: Timed out waiting for transform from base_link to map to become available, tf error: Invalid frame ID "map" passed to canTransform argument target_frame - frame does not exist
[rviz2-5] [INFO] [1785218388.017832179] [rviz]: Message Filter dropping message: frame 'base_scan' at time 60.727 for reason 'discarding message because the queue is full'
[rviz2-5] [INFO] [1785218388.017956388] [rviz]: Message Filter dropping message: frame 'odom' at time 60.721 for reason 'discarding message because the queue is full'
[rviz2-5] [INFO] [1785218388.017983804] [rviz]: Message Filter dropping message: frame 'odom' at time 56.700 for reason 'discarding message because the queue is full'
[rviz2-5] [INFO] [1785218388.210259338] [rviz]: Message Filter dropping message: frame 'base_scan' at time 60.927 for reason 'discarding message because the queue is full'
[rviz2-5] [INFO] [1785218388.210380282] [rviz]: Message Filter dropping message: frame 'odom' at time 60.925 for reason 'discarding message because the queue is full'
[component_container_isolated-6] [INFO] [1785218388.331617608] [global_costmap.global_costmap]: Timed out waiting for transform from base_link to map to become available, tf error: Invalid frame ID "map" passed to canTransform argument target_frame - frame does not exist
[rviz2-5] [INFO] [1785218388.401972364] [rviz]: Message Filter dropping message: frame 'odom' at time 61.129 for reason 'discarding message because the queue is full'
[rviz2-5] [INFO] [1785218388.435125606] [rviz]: Message Filter dropping message: frame 'base_scan' at time 61.127 for reason 'discarding message because the queue is full'
[rviz2-5] [INFO] [1785218388.626081451] [rviz]: Message Filter dropping message: frame 'base_scan' at time 61.327 for reason 'discarding message because the queue is full'
[rviz2-5] [INFO] [1785218388.626243365] [rviz]: Message Filter dropping message: frame 'odom' at time 61.299 for reason 'discarding message because the queue is full'
[rviz2-5] [INFO] [1785218388.818776962] [rviz]: Message Filter dropping message: frame 'odom' at time 61.503 for reason 'discarding message because the queue is full'
[rviz2-5] [INFO] [1785218388.819078519] [rviz]: Message Filter dropping message: frame 'odom' at time 57.300 for reason 'discarding message because the queue is full'
[component_container_isolated-6] [INFO] [1785218388.831662920] [global_costmap.global_costmap]: Timed out waiting for transform from base_link to map to become available, tf error: Invalid frame ID "map" passed to canTransform argument target_frame - frame does not exist
[rviz2-5] [INFO] [1785218388.850576972] [rviz]: Message Filter dropping message: frame 'base_scan' at time 61.527 for reason 'discarding message because the queue is full'
[rviz2-5] [INFO] [1785218389.010423281] [rviz]: Message Filter dropping message: frame 'odom' at time 61.707 for reason 'discarding message because the queue is full'
[rviz2-5] [INFO] [1785218389.041607464] [rviz]: Message Filter dropping message: frame 'base_scan' at time 61.727 for reason 'discarding message because the queue is full'
[component_container_isolated-6] [WARN] [1785218389.048913240] [amcl]: AMCL cannot publish a pose or update the transform. Please set the initial pose...
[rviz2-5] [INFO] [1785218389.202830426] [rviz]: Message Filter dropping message: frame 'odom' at time 61.911 for reason 'discarding message because the queue is full'
[rviz2-5] [INFO] [1785218389.235754416] [rviz]: Message Filter dropping message: frame 'base_scan' at time 61.927 for reason 'discarding message because the queue is full'
[component_container_isolated-6] [INFO] [1785218389.331650130] [global_costmap.global_costmap]: Timed out waiting for transform from base_link to map to become available, tf error: Invalid frame ID "map" passed to canTransform argument target_frame - frame does not exist
[rviz2-5] [INFO] [1785218389.426110501] [rviz]: Message Filter dropping message: frame 'odom' at time 62.115 for reason 'discarding message because the queue is full'
[rviz2-5] [INFO] [1785218389.457310016] [rviz]: Message Filter dropping message: frame 'base_scan' at time 62.127 for reason 'discarding message because the queue is full'
[rviz2-5] [INFO] [1785218389.617904635] [rviz]: Message Filter dropping message: frame 'odom' at time 62.319 for reason 'discarding message because the queue is full'
[rviz2-5] [INFO] [1785218389.618047800] [rviz]: Message Filter dropping message: frame 'odom' at time 57.900 for reason 'discarding message because the queue is full'
[rviz2-5] [INFO] [1785218389.649957973] [rviz]: Message Filter dropping message: frame 'base_scan' at time 62.327 for reason 'discarding message because the queue is full'
[rviz2-5] [INFO] [1785218389.809585433] [rviz]: Message Filter dropping message: frame 'odom' at time 62.489 for reason 'discarding message because the queue is full'
[component_container_isolated-6] [INFO] [1785218389.831579791] [global_costmap.global_costmap]: Timed out waiting for transform from base_link to map to become available, tf error: Invalid frame ID "map" passed to canTransform argument target_frame - frame does not exist
[rviz2-5] [INFO] [1785218389.844333295] [rviz]: Message Filter dropping message: frame 'base_scan' at time 62.527 for reason 'discarding message because the queue is full'
[rviz2-5] [INFO] [1785218390.002095309] [rviz]: Message Filter dropping message: frame 'odom' at time 62.693 for reason 'discarding message because the queue is full'
[rviz2-5] [INFO] [1785218390.065663328] [rviz]: Message Filter dropping message: frame 'base_scan' at time 62.727 for reason 'discarding message because the queue is full'
[rviz2-5] [INFO] [1785218390.228743233] [rviz]: Message Filter dropping message: frame 'odom' at time 62.897 for reason 'discarding message because the queue is full'
[rviz2-5] [INFO] [1785218390.229750193] [rviz]: Message Filter dropping message: frame 'odom' at time 58.500 for reason 'discarding message because the queue is full'
[rviz2-5] [INFO] [1785218390.257461456] [rviz]: Message Filter dropping message: frame 'base_scan' at time 62.928 for reason 'discarding message because the queue is full'
[component_container_isolated-6] [INFO] [1785218390.331615762] [global_costmap.global_costmap]: Timed out waiting for transform from base_link to map to become available, tf error: Invalid frame ID "map" passed to canTransform argument target_frame - frame does not exist
[rviz2-5] [INFO] [1785218390.418447710] [rviz]: Message Filter dropping message: frame 'odom' at time 63.101 for reason 'discarding message because the queue is full'
[rviz2-5] [INFO] [1785218390.450006281] [rviz]: Message Filter dropping message: frame 'base_scan' at time 63.127 for reason 'discarding message because the queue is full'
[rviz2-5] [INFO] [1785218390.609626159] [rviz]: Message Filter dropping message: frame 'odom' at time 63.271 for reason 'discarding message because the queue is full'
[rviz2-5] [INFO] [1785218390.642081426] [rviz]: Message Filter dropping message: frame 'base_scan' at time 63.327 for reason 'discarding message because the queue is full'
[rviz2-5] [INFO] [1785218390.802137538] [rviz]: Message Filter dropping message: frame 'odom' at time 63.475 for reason 'discarding message because the queue is full'
[rviz2-5] [INFO] [1785218390.802249479] [rviz]: Message Filter dropping message: frame 'odom' at time 59.100 for reason 'discarding message because the queue is full'
[component_container_isolated-6] [INFO] [1785218390.831632321] [global_costmap.global_costmap]: Timed out waiting for transform from base_link to map to become available, tf error: Invalid frame ID "map" passed to canTransform argument target_frame - frame does not exist
[rviz2-5] [INFO] [1785218390.867144844] [rviz]: Message Filter dropping message: frame 'base_scan' at time 63.527 for reason 'discarding message because the queue is full'
[rviz2-5] [INFO] [1785218391.027279542] [rviz]: Message Filter dropping message: frame 'odom' at time 63.679 for reason 'discarding message because the queue is full'
[rviz2-5] [INFO] [1785218391.058215797] [rviz]: Message Filter dropping message: frame 'base_scan' at time 63.727 for reason 'discarding message because the queue is full'
[rviz2-5] [INFO] [1785218391.217860644] [rviz]: Message Filter dropping message: frame 'odom' at time 63.883 for reason 'discarding message because the queue is full'
[rviz2-5] [INFO] [1785218391.250885126] [rviz]: Message Filter dropping message: frame 'base_scan' at time 63.927 for reason 'discarding message because the queue is full'
[component_container_isolated-6] [WARN] [1785218391.278558167] [amcl]: AMCL cannot publish a pose or update the transform. Please set the initial pose...
[component_container_isolated-6] [INFO] [1785218391.332009868] [global_costmap.global_costmap]: Timed out waiting for transform from base_link to map to become available, tf error: Invalid frame ID "map" passed to canTransform argument target_frame - frame does not exist
[rviz2-5] [INFO] [1785218391.409633589] [rviz]: Message Filter dropping message: frame 'odom' at time 64.087 for reason 'discarding message because the queue is full'
[rviz2-5] [INFO] [1785218391.409760939] [rviz]: Message Filter dropping message: frame 'odom' at time 59.700 for reason 'discarding message because the queue is full'
[rviz2-5] [INFO] [1785218391.473902242] [rviz]: Message Filter dropping message: frame 'base_scan' at time 64.127 for reason 'discarding message because the queue is full'
[rviz2-5] [INFO] [1785218391.602282721] [rviz]: Message Filter dropping message: frame 'odom' at time 64.257 for reason 'discarding message because the queue is full'
[rviz2-5] [INFO] [1785218391.666536025] [rviz]: Message Filter dropping message: frame 'base_scan' at time 64.327 for reason 'discarding message because the queue is full'
[rviz2-5] [INFO] [1785218391.826041104] [rviz]: Message Filter dropping message: frame 'odom' at time 64.461 for reason 'discarding message because the queue is full'
[component_container_isolated-6] [INFO] [1785218391.832040230] [global_costmap.global_costmap]: Timed out waiting for transform from base_link to map to become available, tf error: Invalid frame ID "map" passed to canTransform argument target_frame - frame does not exist
[rviz2-5] [INFO] [1785218391.890075574] [rviz]: Message Filter dropping message: frame 'base_scan' at time 64.527 for reason 'discarding message because the queue is full'
[rviz2-5] [INFO] [1785218392.017249987] [rviz]: Message Filter dropping message: frame 'odom' at time 64.665 for reason 'discarding message because the queue is full'
[rviz2-5] [INFO] [1785218392.017646884] [rviz]: Message Filter dropping message: frame 'odom' at time 60.300 for reason 'discarding message because the queue is full'
[rviz2-5] [INFO] [1785218392.082667755] [rviz]: Message Filter dropping message: frame 'base_scan' at time 64.727 for reason 'discarding message because the queue is full'
[rviz2-5] [INFO] [1785218392.209278320] [rviz]: Message Filter dropping message: frame 'odom' at time 64.869 for reason 'discarding message because the queue is full'
[rviz2-5] [INFO] [1785218392.273324852] [rviz]: Message Filter dropping message: frame 'base_scan' at time 64.928 for reason 'discarding message because the queue is full'
[component_container_isolated-6] [INFO] [1785218392.331625412] [global_costmap.global_costmap]: Timed out waiting for transform from base_link to map to become available, tf error: Invalid frame ID "map" passed to canTransform argument target_frame - frame does not exist
[rviz2-5] [INFO] [1785218392.401787123] [rviz]: Message Filter dropping message: frame 'odom' at time 65.073 for reason 'discarding message because the queue is full'
[rviz2-5] [INFO] [1785218392.465795922] [rviz]: Message Filter dropping message: frame 'base_scan' at time 65.128 for reason 'discarding message because the queue is full'
[rviz2-5] [INFO] [1785218392.626414199] [rviz]: Message Filter dropping message: frame 'odom' at time 65.277 for reason 'discarding message because the queue is full'
[rviz2-5] [INFO] [1785218392.626546205] [rviz]: Message Filter dropping message: frame 'odom' at time 60.900 for reason 'discarding message because the queue is full'
[rviz2-5] [INFO] [1785218392.689588630] [rviz]: Message Filter dropping message: frame 'base_scan' at time 65.328 for reason 'discarding message because the queue is full'
[rviz2-5] [INFO] [1785218392.818203110] [rviz]: Message Filter dropping message: frame 'odom' at time 65.481 for reason 'discarding message because the queue is full'
[component_container_isolated-6] [INFO] [1785218392.831583272] [global_costmap.global_costmap]: Timed out waiting for transform from base_link to map to become available, tf error: Invalid frame ID "map" passed to canTransform argument target_frame - frame does not exist
[rviz2-5] [INFO] [1785218392.882072934] [rviz]: Message Filter dropping message: frame 'base_scan' at time 65.528 for reason 'discarding message because the queue is full'
[rviz2-5] [INFO] [1785218393.009765044] [rviz]: Message Filter dropping message: frame 'odom' at time 65.651 for reason 'discarding message because the queue is full'
[rviz2-5] [INFO] [1785218393.078774607] [rviz]: Message Filter dropping message: frame 'base_scan' at time 65.728 for reason 'discarding message because the queue is full'
[rviz2-5] [INFO] [1785218393.201369582] [rviz]: Message Filter dropping message: frame 'odom' at time 65.855 for reason 'discarding message because the queue is full'
[rviz2-5] [INFO] [1785218393.201472696] [rviz]: Message Filter dropping message: frame 'odom' at time 61.500 for reason 'discarding message because the queue is full'
[rviz2-5] [INFO] [1785218393.299194354] [rviz]: Message Filter dropping message: frame 'base_scan' at time 65.928 for reason 'discarding message because the queue is full'
[component_container_isolated-6] [INFO] [1785218393.331611879] [global_costmap.global_costmap]: Timed out waiting for transform from base_link to map to become available, tf error: Invalid frame ID "map" passed to canTransform argument target_frame - frame does not exist
[rviz2-5] [INFO] [1785218393.428521715] [rviz]: Message Filter dropping message: frame 'odom' at time 66.059 for reason 'discarding message because the queue is full'
[component_container_isolated-6] [WARN] [1785218393.501386239] [amcl]: AMCL cannot publish a pose or update the transform. Please set the initial pose...
[rviz2-5] [INFO] [1785218393.522939933] [rviz]: Message Filter dropping message: frame 'base_scan' at time 66.128 for reason 'discarding message because the queue is full'
[rviz2-5] [INFO] [1785218393.620518122] [rviz]: Message Filter dropping message: frame 'odom' at time 66.263 for reason 'discarding message because the queue is full'
[rviz2-5] [INFO] [1785218393.714226380] [rviz]: Message Filter dropping message: frame 'base_scan' at time 66.328 for reason 'discarding message because the queue is full'
[rviz2-5] [INFO] [1785218393.810913349] [rviz]: Message Filter dropping message: frame 'odom' at time 66.433 for reason 'discarding message because the queue is full'
[rviz2-5] [INFO] [1785218393.811508994] [rviz]: Message Filter dropping message: frame 'odom' at time 62.100 for reason 'discarding message because the queue is full'
[component_container_isolated-6] [INFO] [1785218393.831655289] [global_costmap.global_costmap]: Timed out waiting for transform from base_link to map to become available, tf error: Invalid frame ID "map" passed to canTransform argument target_frame - frame does not exist
[rviz2-5] [INFO] [1785218393.940411789] [rviz]: Message Filter dropping message: frame 'base_scan' at time 66.528 for reason 'discarding message because the queue is full'
[rviz2-5] [INFO] [1785218394.001722103] [rviz]: Message Filter dropping message: frame 'odom' at time 66.637 for reason 'discarding message because the queue is full'
[rviz2-5] [INFO] [1785218394.161182590] [rviz]: Message Filter dropping message: frame 'base_scan' at time 66.728 for reason 'discarding message because the queue is full'
[rviz2-5] [INFO] [1785218394.225203518] [rviz]: Message Filter dropping message: frame 'odom' at time 66.841 for reason 'discarding message because the queue is full'
[component_container_isolated-6] [INFO] [1785218394.331748503] [global_costmap.global_costmap]: Timed out waiting for transform from base_link to map to become available, tf error: Invalid frame ID "map" passed to canTransform argument target_frame - frame does not exist
[rviz2-5] [INFO] [1785218394.389621092] [rviz]: Message Filter dropping message: frame 'base_scan' at time 66.929 for reason 'discarding message because the queue is full'
[rviz2-5] [INFO] [1785218394.419157198] [rviz]: Message Filter dropping message: frame 'odom' at time 67.045 for reason 'discarding message because the queue is full'
[rviz2-5] [INFO] [1785218394.578627821] [rviz]: Message Filter dropping message: frame 'base_scan' at time 67.128 for reason 'discarding message because the queue is full'
[rviz2-5] [INFO] [1785218394.613628235] [rviz]: Message Filter dropping message: frame 'odom' at time 67.249 for reason 'discarding message because the queue is full'
[rviz2-5] [INFO] [1785218394.613838368] [rviz]: Message Filter dropping message: frame 'odom' at time 62.700 for reason 'discarding message because the queue is full'
[rviz2-5] [INFO] [1785218394.804842403] [rviz]: Message Filter dropping message: frame 'base_scan' at time 67.328 for reason 'discarding message because the queue is full'
[rviz2-5] [INFO] [1785218394.804939540] [rviz]: Message Filter dropping message: frame 'odom' at time 67.453 for reason 'discarding message because the queue is full'
[component_container_isolated-6] [INFO] [1785218394.832167733] [global_costmap.global_costmap]: Timed out waiting for transform from base_link to map to become available, tf error: Invalid frame ID "map" passed to canTransform argument target_frame - frame does not exist
[rviz2-5] [INFO] [1785218395.028589716] [rviz]: Message Filter dropping message: frame 'base_scan' at time 67.528 for reason 'discarding message because the queue is full'
[rviz2-5] [INFO] [1785218395.028717392] [rviz]: Message Filter dropping message: frame 'odom' at time 67.623 for reason 'discarding message because the queue is full'
[rviz2-5] [INFO] [1785218395.217783552] [rviz]: Message Filter dropping message: frame 'base_scan' at time 67.728 for reason 'discarding message because the queue is full'
[rviz2-5] [INFO] [1785218395.217914568] [rviz]: Message Filter dropping message: frame 'odom' at time 67.827 for reason 'discarding message because the queue is full'
[rviz2-5] [INFO] [1785218395.217952098] [rviz]: Message Filter dropping message: frame 'odom' at time 63.500 for reason 'discarding message because the queue is full'
[component_container_isolated-6] [INFO] [1785218395.331647199] [global_costmap.global_costmap]: Timed out waiting for transform from base_link to map to become available, tf error: Invalid frame ID "map" passed to canTransform argument target_frame - frame does not exist
[rviz2-5] [INFO] [1785218395.410366176] [rviz]: Message Filter dropping message: frame 'odom' at time 68.031 for reason 'discarding message because the queue is full'
[rviz2-5] [INFO] [1785218395.442584053] [rviz]: Message Filter dropping message: frame 'base_scan' at time 67.928 for reason 'discarding message because the queue is full'
[rviz2-5] [INFO] [1785218395.602761752] [rviz]: Message Filter dropping message: frame 'odom' at time 68.201 for reason 'discarding message because the queue is full'
[rviz2-5] [INFO] [1785218395.636843340] [rviz]: Message Filter dropping message: frame 'base_scan' at time 68.128 for reason 'discarding message because the queue is full'
[rviz2-5] [INFO] [1785218395.827488462] [rviz]: Message Filter dropping message: frame 'odom' at time 68.405 for reason 'discarding message because the queue is full'
[component_container_isolated-6] [INFO] [1785218395.832730202] [global_costmap.global_costmap]: Timed out waiting for transform from base_link to map to become available, tf error: Invalid frame ID "map" passed to canTransform argument target_frame - frame does not exist
[component_container_isolated-6] [WARN] [1785218395.850330254] [amcl]: AMCL cannot publish a pose or update the transform. Please set the initial pose...
[rviz2-5] [INFO] [1785218395.860163515] [rviz]: Message Filter dropping message: frame 'base_scan' at time 68.328 for reason 'discarding message because the queue is full'
[rviz2-5] [INFO] [1785218396.019369502] [rviz]: Message Filter dropping message: frame 'odom' at time 68.575 for reason 'discarding message because the queue is full'
[rviz2-5] [INFO] [1785218396.019483674] [rviz]: Message Filter dropping message: frame 'odom' at time 64.200 for reason 'discarding message because the queue is full'
[rviz2-5] [INFO] [1785218396.082577365] [rviz]: Message Filter dropping message: frame 'base_scan' at time 68.529 for reason 'discarding message because the queue is full'
[rviz2-5] [INFO] [1785218396.210285410] [rviz]: Message Filter dropping message: frame 'odom' at time 68.779 for reason 'discarding message because the queue is full'
[rviz2-5] [INFO] [1785218396.278995661] [rviz]: Message Filter dropping message: frame 'base_scan' at time 68.728 for reason 'discarding message because the queue is full'
[component_container_isolated-6] [INFO] [1785218396.332573947] [global_costmap.global_costmap]: Timed out waiting for transform from base_link to map to become available, tf error: Invalid frame ID "map" passed to canTransform argument target_frame - frame does not exist
[rviz2-5] [INFO] [1785218396.405355922] [rviz]: Message Filter dropping message: frame 'odom' at time 68.949 for reason 'discarding message because the queue is full'
[rviz2-5] [INFO] [1785218396.498736979] [rviz]: Message Filter dropping message: frame 'base_scan' at time 68.928 for reason 'discarding message because the queue is full'
[rviz2-5] [INFO] [1785218396.625902998] [rviz]: Message Filter dropping message: frame 'odom' at time 69.119 for reason 'discarding message because the queue is full'
[rviz2-5] [INFO] [1785218396.626003480] [rviz]: Message Filter dropping message: frame 'odom' at time 64.800 for reason 'discarding message because the queue is full'
[rviz2-5] [INFO] [1785218396.689360805] [rviz]: Message Filter dropping message: frame 'base_scan' at time 69.129 for reason 'discarding message because the queue is full'
[rviz2-5] [INFO] [1785218396.818250807] [rviz]: Message Filter dropping message: frame 'odom' at time 69.323 for reason 'discarding message because the queue is full'
[component_container_isolated-6] [INFO] [1785218396.831609218] [global_costmap.global_costmap]: Timed out waiting for transform from base_link to map to become available, tf error: Invalid frame ID "map" passed to canTransform argument target_frame - frame does not exist
[rviz2-5] [INFO] [1785218396.882481747] [rviz]: Message Filter dropping message: frame 'base_scan' at time 69.330 for reason 'discarding message because the queue is full'
[rviz2-5] [INFO] [1785218397.009320496] [rviz]: Message Filter dropping message: frame 'odom' at time 69.527 for reason 'discarding message because the queue is full'
[rviz2-5] [INFO] [1785218397.105784664] [rviz]: Message Filter dropping message: frame 'base_scan' at time 69.529 for reason 'discarding message because the queue is full'
[rviz2-5] [INFO] [1785218397.201963812] [rviz]: Message Filter dropping message: frame 'odom' at time 69.697 for reason 'discarding message because the queue is full'
[rviz2-5] [INFO] [1785218397.202058986] [rviz]: Message Filter dropping message: frame 'odom' at time 65.400 for reason 'discarding message because the queue is full'
[rviz2-5] [INFO] [1785218397.297846995] [rviz]: Message Filter dropping message: frame 'base_scan' at time 69.729 for reason 'discarding message because the queue is full'
[component_container_isolated-6] [INFO] [1785218397.331627779] [global_costmap.global_costmap]: Timed out waiting for transform from base_link to map to become available, tf error: Invalid frame ID "map" passed to canTransform argument target_frame - frame does not exist
[rviz2-5] [INFO] [1785218397.426145311] [rviz]: Message Filter dropping message: frame 'odom' at time 69.901 for reason 'discarding message because the queue is full'
[rviz2-5] [INFO] [1785218397.490246521] [rviz]: Message Filter dropping message: frame 'base_scan' at time 69.930 for reason 'discarding message because the queue is full'
[rviz2-5] [INFO] [1785218397.617764508] [rviz]: Message Filter dropping message: frame 'odom' at time 70.071 for reason 'discarding message because the queue is full'
[rviz2-5] [INFO] [1785218397.714202684] [rviz]: Message Filter dropping message: frame 'base_scan' at time 70.130 for reason 'discarding message because the queue is full'
[rviz2-5] [INFO] [1785218397.810593153] [rviz]: Message Filter dropping message: frame 'odom' at time 70.275 for reason 'discarding message because the queue is full'
[rviz2-5] [INFO] [1785218397.810712806] [rviz]: Message Filter dropping message: frame 'odom' at time 66.000 for reason 'discarding message because the queue is full'
[component_container_isolated-6] [INFO] [1785218397.831631393] [global_costmap.global_costmap]: Timed out waiting for transform from base_link to map to become available, tf error: Invalid frame ID "map" passed to canTransform argument target_frame - frame does not exist
[rviz2-5] [INFO] [1785218397.906911498] [rviz]: Message Filter dropping message: frame 'base_scan' at time 70.330 for reason 'discarding message because the queue is full'
[rviz2-5] [INFO] [1785218398.001739584] [rviz]: Message Filter dropping message: frame 'odom' at time 70.479 for reason 'discarding message because the queue is full'
[rviz2-5] [INFO] [1785218398.099449706] [rviz]: Message Filter dropping message: frame 'base_scan' at time 70.530 for reason 'discarding message because the queue is full'
[component_container_isolated-6] [WARN] [1785218398.116596476] [amcl]: AMCL cannot publish a pose or update the transform. Please set the initial pose...
[rviz2-5] [INFO] [1785218398.226597617] [rviz]: Message Filter dropping message: frame 'odom' at time 70.649 for reason 'discarding message because the queue is full'
[rviz2-5] [INFO] [1785218398.322278965] [rviz]: Message Filter dropping message: frame 'base_scan' at time 70.730 for reason 'discarding message because the queue is full'
[component_container_isolated-6] [INFO] [1785218398.331609856] [global_costmap.global_costmap]: Timed out waiting for transform from base_link to map to become available, tf error: Invalid frame ID "map" passed to canTransform argument target_frame - frame does not exist
[rviz2-5] [INFO] [1785218398.418097557] [rviz]: Message Filter dropping message: frame 'odom' at time 70.819 for reason 'discarding message because the queue is full'
[rviz2-5] [INFO] [1785218398.418844174] [rviz]: Message Filter dropping message: frame 'odom' at time 66.600 for reason 'discarding message because the queue is full'
[rviz2-5] [INFO] [1785218398.515336759] [rviz]: Message Filter dropping message: frame 'base_scan' at time 70.930 for reason 'discarding message because the queue is full'
[rviz2-5] [INFO] [1785218398.611237354] [rviz]: Message Filter dropping message: frame 'odom' at time 71.023 for reason 'discarding message because the queue is full'
[rviz2-5] [INFO] [1785218398.737584452] [rviz]: Message Filter dropping message: frame 'base_scan' at time 71.130 for reason 'discarding message because the queue is full'
[rviz2-5] [INFO] [1785218398.801711933] [rviz]: Message Filter dropping message: frame 'odom' at time 71.227 for reason 'discarding message because the queue is full'
[component_container_isolated-6] [INFO] [1785218398.831630207] [global_costmap.global_costmap]: Timed out waiting for transform from base_link to map to become available, tf error: Invalid frame ID "map" passed to canTransform argument target_frame - frame does not exist
[rviz2-5] [INFO] [1785218398.929936273] [rviz]: Message Filter dropping message: frame 'base_scan' at time 71.330 for reason 'discarding message because the queue is full'
[rviz2-5] [INFO] [1785218399.025494371] [rviz]: Message Filter dropping message: frame 'odom' at time 71.431 for reason 'discarding message because the queue is full'
[rviz2-5] [INFO] [1785218399.025598146] [rviz]: Message Filter dropping message: frame 'odom' at time 67.200 for reason 'discarding message because the queue is full'
[rviz2-5] [INFO] [1785218399.121720622] [rviz]: Message Filter dropping message: frame 'base_scan' at time 71.530 for reason 'discarding message because the queue is full'
[rviz2-5] [INFO] [1785218399.217918137] [rviz]: Message Filter dropping message: frame 'odom' at time 71.635 for reason 'discarding message because the queue is full'
[component_container_isolated-6] [INFO] [1785218399.331658516] [global_costmap.global_costmap]: Timed out waiting for transform from base_link to map to become available, tf error: Invalid frame ID "map" passed to canTransform argument target_frame - frame does not exist
[rviz2-5] [INFO] [1785218399.346054309] [rviz]: Message Filter dropping message: frame 'base_scan' at time 71.730 for reason 'discarding message because the queue is full'
[rviz2-5] [INFO] [1785218399.409366044] [rviz]: Message Filter dropping message: frame 'odom' at time 71.839 for reason 'discarding message because the queue is full'
[rviz2-5] [INFO] [1785218399.537642730] [rviz]: Message Filter dropping message: frame 'base_scan' at time 71.930 for reason 'discarding message because the queue is full'
[rviz2-5] [INFO] [1785218399.601250463] [rviz]: Message Filter dropping message: frame 'odom' at time 72.009 for reason 'discarding message because the queue is full'
[rviz2-5] [INFO] [1785218399.601378103] [rviz]: Message Filter dropping message: frame 'odom' at time 67.800 for reason 'discarding message because the queue is full'
[rviz2-5] [INFO] [1785218399.729372338] [rviz]: Message Filter dropping message: frame 'base_scan' at time 72.130 for reason 'discarding message because the queue is full'
[rviz2-5] [INFO] [1785218399.825492606] [rviz]: Message Filter dropping message: frame 'odom' at time 72.213 for reason 'discarding message because the queue is full'
[component_container_isolated-6] [INFO] [1785218399.831625109] [global_costmap.global_costmap]: Timed out waiting for transform from base_link to map to become available, tf error: Invalid frame ID "map" passed to canTransform argument target_frame - frame does not exist
[rviz2-5] [INFO] [1785218399.953603355] [rviz]: Message Filter dropping message: frame 'base_scan' at time 72.330 for reason 'discarding message because the queue is full'
[rviz2-5] [INFO] [1785218400.019020408] [rviz]: Message Filter dropping message: frame 'odom' at time 72.417 for reason 'discarding message because the queue is full'
[rviz2-5] [INFO] [1785218400.145960181] [rviz]: Message Filter dropping message: frame 'base_scan' at time 72.530 for reason 'discarding message because the queue is full'
[rviz2-5] [INFO] [1785218400.209301537] [rviz]: Message Filter dropping message: frame 'odom' at time 72.621 for reason 'discarding message because the queue is full'
[component_container_isolated-6] [INFO] [1785218400.331560817] [global_costmap.global_costmap]: Timed out waiting for transform from base_link to map to become available, tf error: Invalid frame ID "map" passed to canTransform argument target_frame - frame does not exist
[rviz2-5] [INFO] [1785218400.340467508] [rviz]: Message Filter dropping message: frame 'base_scan' at time 72.730 for reason 'discarding message because the queue is full'
[component_container_isolated-6] [WARN] [1785218400.360285833] [amcl]: AMCL cannot publish a pose or update the transform. Please set the initial pose...
[rviz2-5] [INFO] [1785218400.402079851] [rviz]: Message Filter dropping message: frame 'odom' at time 72.791 for reason 'discarding message because the queue is full'
[rviz2-5] [INFO] [1785218400.402305816] [rviz]: Message Filter dropping message: frame 'odom' at time 68.400 for reason 'discarding message because the queue is full'
[rviz2-5] [INFO] [1785218400.562320619] [rviz]: Message Filter dropping message: frame 'base_scan' at time 72.930 for reason 'discarding message because the queue is full'
[rviz2-5] [INFO] [1785218400.625572378] [rviz]: Message Filter dropping message: frame 'odom' at time 72.995 for reason 'discarding message because the queue is full'
[rviz2-5] [INFO] [1785218400.753944239] [rviz]: Message Filter dropping message: frame 'base_scan' at time 73.130 for reason 'discarding message because the queue is full'
[rviz2-5] [INFO] [1785218400.817884901] [rviz]: Message Filter dropping message: frame 'odom' at time 73.199 for reason 'discarding message because the queue is full'
[component_container_isolated-6] [INFO] [1785218400.831583261] [global_costmap.global_costmap]: Timed out waiting for transform from base_link to map to become available, tf error: Invalid frame ID "map" passed to canTransform argument target_frame - frame does not exist
[rviz2-5] [INFO] [1785218400.946612525] [rviz]: Message Filter dropping message: frame 'base_scan' at time 73.330 for reason 'discarding message because the queue is full'
[rviz2-5] [INFO] [1785218401.009572874] [rviz]: Message Filter dropping message: frame 'odom' at time 73.403 for reason 'discarding message because the queue is full'
[rviz2-5] [INFO] [1785218401.009675864] [rviz]: Message Filter dropping message: frame 'odom' at time 69.100 for reason 'discarding message because the queue is full'
[rviz2-5] [INFO] [1785218401.169685296] [rviz]: Message Filter dropping message: frame 'base_scan' at time 73.530 for reason 'discarding message because the queue is full'
[rviz2-5] [INFO] [1785218401.202504929] [rviz]: Message Filter dropping message: frame 'odom' at time 73.607 for reason 'discarding message because the queue is full'
[component_container_isolated-6] [INFO] [1785218401.331998309] [global_costmap.global_costmap]: Timed out waiting for transform from base_link to map to become available, tf error: Invalid frame ID "map" passed to canTransform argument target_frame - frame does not exist
[rviz2-5] [INFO] [1785218401.367898196] [rviz]: Message Filter dropping message: frame 'base_scan' at time 73.730 for reason 'discarding message because the queue is full'
[rviz2-5] [INFO] [1785218401.425620700] [rviz]: Message Filter dropping message: frame 'odom' at time 73.777 for reason 'discarding message because the queue is full'
[rviz2-5] [INFO] [1785218401.586326691] [rviz]: Message Filter dropping message: frame 'base_scan' at time 73.930 for reason 'discarding message because the queue is full'
[rviz2-5] [INFO] [1785218401.619071321] [rviz]: Message Filter dropping message: frame 'odom' at time 73.981 for reason 'discarding message because the queue is full'
[rviz2-5] [INFO] [1785218401.619216129] [rviz]: Message Filter dropping message: frame 'odom' at time 69.700 for reason 'discarding message because the queue is full'
[rviz2-5] [INFO] [1785218401.777453300] [rviz]: Message Filter dropping message: frame 'base_scan' at time 74.130 for reason 'discarding message because the queue is full'
[rviz2-5] [INFO] [1785218401.809875601] [rviz]: Message Filter dropping message: frame 'odom' at time 74.185 for reason 'discarding message because the queue is full'
[component_container_isolated-6] [INFO] [1785218401.831651615] [global_costmap.global_costmap]: Timed out waiting for transform from base_link to map to become available, tf error: Invalid frame ID "map" passed to canTransform argument target_frame - frame does not exist
[rviz2-5] [INFO] [1785218401.973419623] [rviz]: Message Filter dropping message: frame 'base_scan' at time 74.330 for reason 'discarding message because the queue is full'
[rviz2-5] [INFO] [1785218402.004882835] [rviz]: Message Filter dropping message: frame 'odom' at time 74.389 for reason 'discarding message because the queue is full'
[rviz2-5] [INFO] [1785218402.199924211] [rviz]: Message Filter dropping message: frame 'base_scan' at time 74.530 for reason 'discarding message because the queue is full'
[rviz2-5] [INFO] [1785218402.228233714] [rviz]: Message Filter dropping message: frame 'odom' at time 74.593 for reason 'discarding message because the queue is full'
[rviz2-5] [INFO] [1785218402.228429690] [rviz]: Message Filter dropping message: frame 'odom' at time 70.400 for reason 'discarding message because the queue is full'
[component_container_isolated-6] [INFO] [1785218402.331614753] [global_costmap.global_costmap]: Timed out waiting for transform from base_link to map to become available, tf error: Invalid frame ID "map" passed to canTransform argument target_frame - frame does not exist
[rviz2-5] [INFO] [1785218402.386025704] [rviz]: Message Filter dropping message: frame 'base_scan' at time 74.730 for reason 'discarding message because the queue is full'
[rviz2-5] [INFO] [1785218402.419143065] [rviz]: Message Filter dropping message: frame 'odom' at time 74.763 for reason 'discarding message because the queue is full'
[component_container_isolated-6] [WARN] [1785218402.596806204] [amcl]: AMCL cannot publish a pose or update the transform. Please set the initial pose...
[rviz2-5] [INFO] [1785218402.609753083] [rviz]: Message Filter dropping message: frame 'base_scan' at time 74.930 for reason 'discarding message because the queue is full'
[rviz2-5] [INFO] [1785218402.609881192] [rviz]: Message Filter dropping message: frame 'odom' at time 74.967 for reason 'discarding message because the queue is full'
[rviz2-5] [INFO] [1785218402.801898092] [rviz]: Message Filter dropping message: frame 'base_scan' at time 75.130 for reason 'discarding message because the queue is full'
[rviz2-5] [INFO] [1785218402.802083105] [rviz]: Message Filter dropping message: frame 'odom' at time 75.171 for reason 'discarding message because the queue is full'
[rviz2-5] [INFO] [1785218402.802119088] [rviz]: Message Filter dropping message: frame 'odom' at time 71.000 for reason 'discarding message because the queue is full'
[component_container_isolated-6] [INFO] [1785218402.831656314] [global_costmap.global_costmap]: Timed out waiting for transform from base_link to map to become available, tf error: Invalid frame ID "map" passed to canTransform argument target_frame - frame does not exist
[rviz2-5] [INFO] [1785218402.993777646] [rviz]: Message Filter dropping message: frame 'base_scan' at time 75.330 for reason 'discarding message because the queue is full'
[rviz2-5] [INFO] [1785218403.025883320] [rviz]: Message Filter dropping message: frame 'odom' at time 75.375 for reason 'discarding message because the queue is full'
[rviz2-5] [INFO] [1785218403.218149723] [rviz]: Message Filter dropping message: frame 'base_scan' at time 75.531 for reason 'discarding message because the queue is full'
[rviz2-5] [INFO] [1785218403.218288462] [rviz]: Message Filter dropping message: frame 'odom' at time 75.545 for reason 'discarding message because the queue is full'
[component_container_isolated-6] [INFO] [1785218403.331646418] [global_costmap.global_costmap]: Timed out waiting for transform from base_link to map to become available, tf error: Invalid frame ID "map" passed to canTransform argument target_frame - frame does not exist
[rviz2-5] [INFO] [1785218403.410523099] [rviz]: Message Filter dropping message: frame 'base_scan' at time 75.730 for reason 'discarding message because the queue is full'
[rviz2-5] [INFO] [1785218403.410668025] [rviz]: Message Filter dropping message: frame 'odom' at time 75.749 for reason 'discarding message because the queue is full'
[rviz2-5] [INFO] [1785218403.410701005] [rviz]: Message Filter dropping message: frame 'odom' at time 71.600 for reason 'discarding message because the queue is full'
[rviz2-5] [INFO] [1785218403.601207438] [rviz]: Message Filter dropping message: frame 'base_scan' at time 75.930 for reason 'discarding message because the queue is full'
[rviz2-5] [INFO] [1785218403.601316515] [rviz]: Message Filter dropping message: frame 'odom' at time 75.953 for reason 'discarding message because the queue is full'
[rviz2-5] [INFO] [1785218403.826011882] [rviz]: Message Filter dropping message: frame 'base_scan' at time 76.130 for reason 'discarding message because the queue is full'
[rviz2-5] [INFO] [1785218403.826147457] [rviz]: Message Filter dropping message: frame 'odom' at time 76.157 for reason 'discarding message because the queue is full'
[component_container_isolated-6] [INFO] [1785218403.831659129] [global_costmap.global_costmap]: Timed out waiting for transform from base_link to map to become available, tf error: Invalid frame ID "map" passed to canTransform argument target_frame - frame does not exist
[rviz2-5] [INFO] [1785218404.017921689] [rviz]: Message Filter dropping message: frame 'base_scan' at time 76.332 for reason 'discarding message because the queue is full'
[rviz2-5] [INFO] [1785218404.018063896] [rviz]: Message Filter dropping message: frame 'odom' at time 76.327 for reason 'discarding message because the queue is full'
[rviz2-5] [INFO] [1785218404.018095553] [rviz]: Message Filter dropping message: frame 'odom' at time 72.200 for reason 'discarding message because the queue is full'
[rviz2-5] [INFO] [1785218404.209738586] [rviz]: Message Filter dropping message: frame 'base_scan' at time 76.532 for reason 'discarding message because the queue is full'
[rviz2-5] [INFO] [1785218404.209872356] [rviz]: Message Filter dropping message: frame 'odom' at time 76.531 for reason 'discarding message because the queue is full'
[component_container_isolated-6] [INFO] [1785218404.331622084] [global_costmap.global_costmap]: Timed out waiting for transform from base_link to map to become available, tf error: Invalid frame ID "map" passed to canTransform argument target_frame - frame does not exist
[rviz2-5] [INFO] [1785218404.403303058] [rviz]: Message Filter dropping message: frame 'odom' at time 76.735 for reason 'discarding message because the queue is full'
[rviz2-5] [INFO] [1785218404.434829128] [rviz]: Message Filter dropping message: frame 'base_scan' at time 76.732 for reason 'discarding message because the queue is full'
[rviz2-5] [INFO] [1785218404.625968492] [rviz]: Message Filter dropping message: frame 'base_scan' at time 76.932 for reason 'discarding message because the queue is full'
[rviz2-5] [INFO] [1785218404.626079023] [rviz]: Message Filter dropping message: frame 'odom' at time 76.939 for reason 'discarding message because the queue is full'
[rviz2-5] [INFO] [1785218404.626108726] [rviz]: Message Filter dropping message: frame 'odom' at time 72.800 for reason 'discarding message because the queue is full'
[rviz2-5] [INFO] [1785218404.817199015] [rviz]: Message Filter dropping message: frame 'base_scan' at time 77.132 for reason 'discarding message because the queue is full'
[rviz2-5] [INFO] [1785218404.817315098] [rviz]: Message Filter dropping message: frame 'odom' at time 77.109 for reason 'discarding message because the queue is full'
[component_container_isolated-6] [INFO] [1785218404.831649024] [global_costmap.global_costmap]: Timed out waiting for transform from base_link to map to become available, tf error: Invalid frame ID "map" passed to canTransform argument target_frame - frame does not exist
[component_container_isolated-6] [WARN] [1785218404.832177093] [amcl]: AMCL cannot publish a pose or update the transform. Please set the initial pose...
[rviz2-5] [INFO] [1785218405.009489216] [rviz]: Message Filter dropping message: frame 'odom' at time 77.313 for reason 'discarding message because the queue is full'
[rviz2-5] [INFO] [1785218405.041953387] [rviz]: Message Filter dropping message: frame 'base_scan' at time 77.332 for reason 'discarding message because the queue is full'
[rviz2-5] [INFO] [1785218405.201420856] [rviz]: Message Filter dropping message: frame 'odom' at time 77.517 for reason 'discarding message because the queue is full'
[rviz2-5] [INFO] [1785218405.201533291] [rviz]: Message Filter dropping message: frame 'odom' at time 73.400 for reason 'discarding message because the queue is full'
[rviz2-5] [INFO] [1785218405.233451798] [rviz]: Message Filter dropping message: frame 'base_scan' at time 77.532 for reason 'discarding message because the queue is full'
[component_container_isolated-6] [INFO] [1785218405.331610404] [global_costmap.global_costmap]: Timed out waiting for transform from base_link to map to become available, tf error: Invalid frame ID "map" passed to canTransform argument target_frame - frame does not exist
[rviz2-5] [INFO] [1785218405.425929401] [rviz]: Message Filter dropping message: frame 'base_scan' at time 77.732 for reason 'discarding message because the queue is full'
[rviz2-5] [INFO] [1785218405.426077749] [rviz]: Message Filter dropping message: frame 'odom' at time 77.721 for reason 'discarding message because the queue is full'
[rviz2-5] [INFO] [1785218405.617776331] [rviz]: Message Filter dropping message: frame 'odom' at time 77.925 for reason 'discarding message because the queue is full'
[rviz2-5] [INFO] [1785218405.651283651] [rviz]: Message Filter dropping message: frame 'base_scan' at time 77.932 for reason 'discarding message because the queue is full'
[rviz2-5] [INFO] [1785218405.810093746] [rviz]: Message Filter dropping message: frame 'odom' at time 78.095 for reason 'discarding message because the queue is full'
[rviz2-5] [INFO] [1785218405.810262547] [rviz]: Message Filter dropping message: frame 'odom' at time 74.000 for reason 'discarding message because the queue is full'
[component_container_isolated-6] [INFO] [1785218405.831897517] [global_costmap.global_costmap]: Timed out waiting for transform from base_link to map to become available, tf error: Invalid frame ID "map" passed to canTransform argument target_frame - frame does not exist
[rviz2-5] [INFO] [1785218405.842156543] [rviz]: Message Filter dropping message: frame 'base_scan' at time 78.134 for reason 'discarding message because the queue is full'
[rviz2-5] [INFO] [1785218406.001380157] [rviz]: Message Filter dropping message: frame 'odom' at time 78.299 for reason 'discarding message because the queue is full'
[rviz2-5] [INFO] [1785218406.034040811] [rviz]: Message Filter dropping message: frame 'base_scan' at time 78.333 for reason 'discarding message because the queue is full'
[rviz2-5] [INFO] [1785218406.225307342] [rviz]: Message Filter dropping message: frame 'odom' at time 78.503 for reason 'discarding message because the queue is full'
[rviz2-5] [INFO] [1785218406.258247765] [rviz]: Message Filter dropping message: frame 'base_scan' at time 78.533 for reason 'discarding message because the queue is full'
[component_container_isolated-6] [INFO] [1785218406.331645964] [global_costmap.global_costmap]: Timed out waiting for transform from base_link to map to become available, tf error: Invalid frame ID "map" passed to canTransform argument target_frame - frame does not exist
[rviz2-5] [INFO] [1785218406.418081374] [rviz]: Message Filter dropping message: frame 'odom' at time 78.707 for reason 'discarding message because the queue is full'
[rviz2-5] [INFO] [1785218406.418766096] [rviz]: Message Filter dropping message: frame 'odom' at time 74.700 for reason 'discarding message because the queue is full'
[rviz2-5] [INFO] [1785218406.449501678] [rviz]: Message Filter dropping message: frame 'base_scan' at time 78.733 for reason 'discarding message because the queue is full'
[rviz2-5] [INFO] [1785218406.610114662] [rviz]: Message Filter dropping message: frame 'odom' at time 78.911 for reason 'discarding message because the queue is full'
[rviz2-5] [INFO] [1785218406.642151583] [rviz]: Message Filter dropping message: frame 'base_scan' at time 78.933 for reason 'discarding message because the queue is full'
[rviz2-5] [INFO] [1785218406.802231053] [rviz]: Message Filter dropping message: frame 'odom' at time 79.081 for reason 'discarding message because the queue is full'
[component_container_isolated-6] [INFO] [1785218406.831604398] [global_costmap.global_costmap]: Timed out waiting for transform from base_link to map to become available, tf error: Invalid frame ID "map" passed to canTransform argument target_frame - frame does not exist
[rviz2-5] [INFO] [1785218406.836938537] [rviz]: Message Filter dropping message: frame 'base_scan' at time 79.133 for reason 'discarding message because the queue is full'
[rviz2-5] [INFO] [1785218407.025495484] [rviz]: Message Filter dropping message: frame 'odom' at time 79.285 for reason 'discarding message because the queue is full'
[rviz2-5] [INFO] [1785218407.058047865] [rviz]: Message Filter dropping message: frame 'base_scan' at time 79.333 for reason 'discarding message because the queue is full'
[component_container_isolated-6] [WARN] [1785218407.060850891] [amcl]: AMCL cannot publish a pose or update the transform. Please set the initial pose...
[rviz2-5] [INFO] [1785218407.218145510] [rviz]: Message Filter dropping message: frame 'odom' at time 79.489 for reason 'discarding message because the queue is full'
[rviz2-5] [INFO] [1785218407.218260072] [rviz]: Message Filter dropping message: frame 'odom' at time 75.300 for reason 'discarding message because the queue is full'
[rviz2-5] [INFO] [1785218407.250158040] [rviz]: Message Filter dropping message: frame 'base_scan' at time 79.533 for reason 'discarding message because the queue is full'
[component_container_isolated-6] [INFO] [1785218407.331607604] [global_costmap.global_costmap]: Timed out waiting for transform from base_link to map to become available, tf error: Invalid frame ID "map" passed to canTransform argument target_frame - frame does not exist
[rviz2-5] [INFO] [1785218407.411142582] [rviz]: Message Filter dropping message: frame 'odom' at time 79.693 for reason 'discarding message because the queue is full'
[rviz2-5] [INFO] [1785218407.473605609] [rviz]: Message Filter dropping message: frame 'base_scan' at time 79.733 for reason 'discarding message because the queue is full'
[rviz2-5] [INFO] [1785218407.602154701] [rviz]: Message Filter dropping message: frame 'odom' at time 79.897 for reason 'discarding message because the queue is full'
[rviz2-5] [INFO] [1785218407.665705389] [rviz]: Message Filter dropping message: frame 'base_scan' at time 79.933 for reason 'discarding message because the queue is full'
[rviz2-5] [INFO] [1785218407.825603457] [rviz]: Message Filter dropping message: frame 'odom' at time 80.101 for reason 'discarding message because the queue is full'
[rviz2-5] [INFO] [1785218407.825705523] [rviz]: Message Filter dropping message: frame 'odom' at time 75.900 for reason 'discarding message because the queue is full'
[component_container_isolated-6] [INFO] [1785218407.832769416] [global_costmap.global_costmap]: Timed out waiting for transform from base_link to map to become available, tf error: Invalid frame ID "map" passed to canTransform argument target_frame - frame does not exist
[rviz2-5] [INFO] [1785218407.857715321] [rviz]: Message Filter dropping message: frame 'base_scan' at time 80.133 for reason 'discarding message because the queue is full'
[rviz2-5] [INFO] [1785218408.017832585] [rviz]: Message Filter dropping message: frame 'odom' at time 80.305 for reason 'discarding message because the queue is full'
[rviz2-5] [INFO] [1785218408.081520582] [rviz]: Message Filter dropping message: frame 'base_scan' at time 80.333 for reason 'discarding message because the queue is full'
[rviz2-5] [INFO] [1785218408.209407510] [rviz]: Message Filter dropping message: frame 'odom' at time 80.475 for reason 'discarding message because the queue is full'
[rviz2-5] [INFO] [1785218408.273820470] [rviz]: Message Filter dropping message: frame 'base_scan' at time 80.533 for reason 'discarding message because the queue is full'
[component_container_isolated-6] [INFO] [1785218408.331615599] [global_costmap.global_costmap]: Timed out waiting for transform from base_link to map to become available, tf error: Invalid frame ID "map" passed to canTransform argument target_frame - frame does not exist
[rviz2-5] [INFO] [1785218408.401526125] [rviz]: Message Filter dropping message: frame 'odom' at time 80.679 for reason 'discarding message because the queue is full'
[rviz2-5] [INFO] [1785218408.401664453] [rviz]: Message Filter dropping message: frame 'odom' at time 76.500 for reason 'discarding message because the queue is full'
[rviz2-5] [INFO] [1785218408.465960139] [rviz]: Message Filter dropping message: frame 'base_scan' at time 80.734 for reason 'discarding message because the queue is full'
[rviz2-5] [INFO] [1785218408.626379728] [rviz]: Message Filter dropping message: frame 'odom' at time 80.883 for reason 'discarding message because the queue is full'
[rviz2-5] [INFO] [1785218408.689570898] [rviz]: Message Filter dropping message: frame 'base_scan' at time 80.934 for reason 'discarding message because the queue is full'
[rviz2-5] [INFO] [1785218408.818210018] [rviz]: Message Filter dropping message: frame 'odom' at time 81.087 for reason 'discarding message because the queue is full'
[component_container_isolated-6] [INFO] [1785218408.831632871] [global_costmap.global_costmap]: Timed out waiting for transform from base_link to map to become available, tf error: Invalid frame ID "map" passed to canTransform argument target_frame - frame does not exist
[rviz2-5] [INFO] [1785218408.882849682] [rviz]: Message Filter dropping message: frame 'base_scan' at time 81.134 for reason 'discarding message because the queue is full'
[rviz2-5] [INFO] [1785218409.009802698] [rviz]: Message Filter dropping message: frame 'odom' at time 81.291 for reason 'discarding message because the queue is full'
[rviz2-5] [INFO] [1785218409.010207901] [rviz]: Message Filter dropping message: frame 'odom' at time 77.100 for reason 'discarding message because the queue is full'
[rviz2-5] [INFO] [1785218409.074590144] [rviz]: Message Filter dropping message: frame 'base_scan' at time 81.335 for reason 'discarding message because the queue is full'
[rviz2-5] [INFO] [1785218409.201636882] [rviz]: Message Filter dropping message: frame 'odom' at time 81.461 for reason 'discarding message because the queue is full'
[rviz2-5] [INFO] [1785218409.267777218] [rviz]: Message Filter dropping message: frame 'base_scan' at time 81.535 for reason 'discarding message because the queue is full'
[component_container_isolated-6] [WARN] [1785218409.268040736] [amcl]: AMCL cannot publish a pose or update the transform. Please set the initial pose...
[component_container_isolated-6] [INFO] [1785218409.331686781] [global_costmap.global_costmap]: Timed out waiting for transform from base_link to map to become available, tf error: Invalid frame ID "map" passed to canTransform argument target_frame - frame does not exist
[rviz2-5] [INFO] [1785218409.425935480] [rviz]: Message Filter dropping message: frame 'odom' at time 81.665 for reason 'discarding message because the queue is full'
[rviz2-5] [INFO] [1785218409.490813579] [rviz]: Message Filter dropping message: frame 'base_scan' at time 81.735 for reason 'discarding message because the queue is full'
[rviz2-5] [INFO] [1785218409.617476679] [rviz]: Message Filter dropping message: frame 'odom' at time 81.869 for reason 'discarding message because the queue is full'
[rviz2-5] [INFO] [1785218409.617592048] [rviz]: Message Filter dropping message: frame 'odom' at time 77.700 for reason 'discarding message because the queue is full'
[rviz2-5] [INFO] [1785218409.682031096] [rviz]: Message Filter dropping message: frame 'base_scan' at time 81.935 for reason 'discarding message because the queue is full'
[rviz2-5] [INFO] [1785218409.809792945] [rviz]: Message Filter dropping message: frame 'odom' at time 82.073 for reason 'discarding message because the queue is full'
[component_container_isolated-6] [INFO] [1785218409.831590588] [global_costmap.global_costmap]: Timed out waiting for transform from base_link to map to become available, tf error: Invalid frame ID "map" passed to canTransform argument target_frame - frame does not exist
[rviz2-5] [INFO] [1785218409.905811650] [rviz]: Message Filter dropping message: frame 'base_scan' at time 82.135 for reason 'discarding message because the queue is full'
[rviz2-5] [INFO] [1785218410.001970964] [rviz]: Message Filter dropping message: frame 'odom' at time 82.243 for reason 'discarding message because the queue is full'
[rviz2-5] [INFO] [1785218410.099091387] [rviz]: Message Filter dropping message: frame 'base_scan' at time 82.335 for reason 'discarding message because the queue is full'
[rviz2-5] [INFO] [1785218410.225562901] [rviz]: Message Filter dropping message: frame 'odom' at time 82.447 for reason 'discarding message because the queue is full'
[rviz2-5] [INFO] [1785218410.225686732] [rviz]: Message Filter dropping message: frame 'odom' at time 78.300 for reason 'discarding message because the queue is full'
[rviz2-5] [INFO] [1785218410.289319796] [rviz]: Message Filter dropping message: frame 'base_scan' at time 82.535 for reason 'discarding message because the queue is full'
[component_container_isolated-6] [INFO] [1785218410.331624489] [global_costmap.global_costmap]: Timed out waiting for transform from base_link to map to become available, tf error: Invalid frame ID "map" passed to canTransform argument target_frame - frame does not exist
[rviz2-5] [INFO] [1785218410.418419960] [rviz]: Message Filter dropping message: frame 'odom' at time 82.651 for reason 'discarding message because the queue is full'
[rviz2-5] [INFO] [1785218410.515304327] [rviz]: Message Filter dropping message: frame 'base_scan' at time 82.735 for reason 'discarding message because the queue is full'
[rviz2-5] [INFO] [1785218410.609497281] [rviz]: Message Filter dropping message: frame 'odom' at time 82.855 for reason 'discarding message because the queue is full'
[rviz2-5] [INFO] [1785218410.706052608] [rviz]: Message Filter dropping message: frame 'base_scan' at time 82.935 for reason 'discarding message because the queue is full'
[rviz2-5] [INFO] [1785218410.801997153] [rviz]: Message Filter dropping message: frame 'odom' at time 83.059 for reason 'discarding message because the queue is full'
[rviz2-5] [INFO] [1785218410.802097845] [rviz]: Message Filter dropping message: frame 'odom' at time 78.900 for reason 'discarding message because the queue is full'
[component_container_isolated-6] [INFO] [1785218410.831703321] [global_costmap.global_costmap]: Timed out waiting for transform from base_link to map to become available, tf error: Invalid frame ID "map" passed to canTransform argument target_frame - frame does not exist
[rviz2-5] [INFO] [1785218410.898617970] [rviz]: Message Filter dropping message: frame 'base_scan' at time 83.135 for reason 'discarding message because the queue is full'
[rviz2-5] [INFO] [1785218411.025692180] [rviz]: Message Filter dropping message: frame 'odom' at time 83.263 for reason 'discarding message because the queue is full'
[rviz2-5] [INFO] [1785218411.121383459] [rviz]: Message Filter dropping message: frame 'base_scan' at time 83.335 for reason 'discarding message because the queue is full'
[rviz2-5] [INFO] [1785218411.218042903] [rviz]: Message Filter dropping message: frame 'odom' at time 83.467 for reason 'discarding message because the queue is full'
[rviz2-5] [INFO] [1785218411.314468167] [rviz]: Message Filter dropping message: frame 'base_scan' at time 83.535 for reason 'discarding message because the queue is full'
[component_container_isolated-6] [INFO] [1785218411.331610223] [global_costmap.global_costmap]: Timed out waiting for transform from base_link to map to become available, tf error: Invalid frame ID "map" passed to canTransform argument target_frame - frame does not exist
[rviz2-5] [INFO] [1785218411.410011074] [rviz]: Message Filter dropping message: frame 'odom' at time 83.637 for reason 'discarding message because the queue is full'
[rviz2-5] [INFO] [1785218411.410128820] [rviz]: Message Filter dropping message: frame 'odom' at time 79.500 for reason 'discarding message because the queue is full'
[rviz2-5] [INFO] [1785218411.506890694] [rviz]: Message Filter dropping message: frame 'base_scan' at time 83.735 for reason 'discarding message because the queue is full'
[component_container_isolated-6] [WARN] [1785218411.516402001] [amcl]: AMCL cannot publish a pose or update the transform. Please set the initial pose...
[rviz2-5] [INFO] [1785218411.602105528] [rviz]: Message Filter dropping message: frame 'odom' at time 83.841 for reason 'discarding message because the queue is full'
[rviz2-5] [INFO] [1785218411.731767898] [rviz]: Message Filter dropping message: frame 'base_scan' at time 83.935 for reason 'discarding message because the queue is full'
[rviz2-5] [INFO] [1785218411.826275426] [rviz]: Message Filter dropping message: frame 'odom' at time 84.045 for reason 'discarding message because the queue is full'
[component_container_isolated-6] [INFO] [1785218411.831772014] [global_costmap.global_costmap]: Timed out waiting for transform from base_link to map to become available, tf error: Invalid frame ID "map" passed to canTransform argument target_frame - frame does not exist
[rviz2-5] [INFO] [1785218411.922291647] [rviz]: Message Filter dropping message: frame 'base_scan' at time 84.135 for reason 'discarding message because the queue is full'
[rviz2-5] [INFO] [1785218412.017668618] [rviz]: Message Filter dropping message: frame 'odom' at time 84.215 for reason 'discarding message because the queue is full'
[rviz2-5] [INFO] [1785218412.017773723] [rviz]: Message Filter dropping message: frame 'odom' at time 80.100 for reason 'discarding message because the queue is full'
[rviz2-5] [INFO] [1785218412.114097313] [rviz]: Message Filter dropping message: frame 'base_scan' at time 84.335 for reason 'discarding message because the queue is full'
[rviz2-5] [INFO] [1785218412.210558197] [rviz]: Message Filter dropping message: frame 'odom' at time 84.419 for reason 'discarding message because the queue is full'
[component_container_isolated-6] [INFO] [1785218412.333047667] [global_costmap.global_costmap]: Timed out waiting for transform from base_link to map to become available, tf error: Invalid frame ID "map" passed to canTransform argument target_frame - frame does not exist
[rviz2-5] [INFO] [1785218412.337866336] [rviz]: Message Filter dropping message: frame 'base_scan' at time 84.535 for reason 'discarding message because the queue is full'
[rviz2-5] [INFO] [1785218412.402144258] [rviz]: Message Filter dropping message: frame 'odom' at time 84.623 for reason 'discarding message because the queue is full'
[rviz2-5] [INFO] [1785218412.531433721] [rviz]: Message Filter dropping message: frame 'base_scan' at time 84.735 for reason 'discarding message because the queue is full'
[rviz2-5] [INFO] [1785218412.626186580] [rviz]: Message Filter dropping message: frame 'odom' at time 84.827 for reason 'discarding message because the queue is full'
[rviz2-5] [INFO] [1785218412.626346412] [rviz]: Message Filter dropping message: frame 'odom' at time 80.700 for reason 'discarding message because the queue is full'
[rviz2-5] [INFO] [1785218412.722167539] [rviz]: Message Filter dropping message: frame 'base_scan' at time 84.935 for reason 'discarding message because the queue is full'
[rviz2-5] [INFO] [1785218412.817577724] [rviz]: Message Filter dropping message: frame 'odom' at time 85.031 for reason 'discarding message because the queue is full'
[component_container_isolated-6] [INFO] [1785218412.831613131] [global_costmap.global_costmap]: Timed out waiting for transform from base_link to map to become available, tf error: Invalid frame ID "map" passed to canTransform argument target_frame - frame does not exist
[rviz2-5] [INFO] [1785218412.945646820] [rviz]: Message Filter dropping message: frame 'base_scan' at time 85.135 for reason 'discarding message because the queue is full'
[rviz2-5] [INFO] [1785218413.009247420] [rviz]: Message Filter dropping message: frame 'odom' at time 85.235 for reason 'discarding message because the queue is full'
[rviz2-5] [INFO] [1785218413.138150396] [rviz]: Message Filter dropping message: frame 'base_scan' at time 85.335 for reason 'discarding message because the queue is full'
[rviz2-5] [INFO] [1785218413.201778646] [rviz]: Message Filter dropping message: frame 'odom' at time 85.405 for reason 'discarding message because the queue is full'
[rviz2-5] [INFO] [1785218413.201875966] [rviz]: Message Filter dropping message: frame 'odom' at time 81.400 for reason 'discarding message because the queue is full'
[rviz2-5] [INFO] [1785218413.330437466] [rviz]: Message Filter dropping message: frame 'base_scan' at time 85.535 for reason 'discarding message because the queue is full'
[component_container_isolated-6] [INFO] [1785218413.331634915] [global_costmap.global_costmap]: Timed out waiting for transform from base_link to map to become available, tf error: Invalid frame ID "map" passed to canTransform argument target_frame - frame does not exist
[rviz2-5] [INFO] [1785218413.426073165] [rviz]: Message Filter dropping message: frame 'odom' at time 85.609 for reason 'discarding message because the queue is full'
[rviz2-5] [INFO] [1785218413.553843719] [rviz]: Message Filter dropping message: frame 'base_scan' at time 85.735 for reason 'discarding message because the queue is full'
[rviz2-5] [INFO] [1785218413.617373110] [rviz]: Message Filter dropping message: frame 'odom' at time 85.813 for reason 'discarding message because the queue is full'
[component_container_isolated-6] [WARN] [1785218413.745184410] [amcl]: AMCL cannot publish a pose or update the transform. Please set the initial pose...
[rviz2-5] [INFO] [1785218413.747027127] [rviz]: Message Filter dropping message: frame 'base_scan' at time 85.935 for reason 'discarding message because the queue is full'
[rviz2-5] [INFO] [1785218413.810652030] [rviz]: Message Filter dropping message: frame 'odom' at time 86.017 for reason 'discarding message because the queue is full'
[rviz2-5] [INFO] [1785218413.811661739] [rviz]: Message Filter dropping message: frame 'odom' at time 82.000 for reason 'discarding message because the queue is full'
[component_container_isolated-6] [INFO] [1785218413.831589811] [global_costmap.global_costmap]: Timed out waiting for transform from base_link to map to become available, tf error: Invalid frame ID "map" passed to canTransform argument target_frame - frame does not exist
[rviz2-5] [INFO] [1785218413.938226877] [rviz]: Message Filter dropping message: frame 'base_scan' at time 86.135 for reason 'discarding message because the queue is full'
[rviz2-5] [INFO] [1785218414.002908583] [rviz]: Message Filter dropping message: frame 'odom' at time 86.187 for reason 'discarding message because the queue is full'
[rviz2-5] [INFO] [1785218414.165497174] [rviz]: Message Filter dropping message: frame 'base_scan' at time 86.335 for reason 'discarding message because the queue is full'
[rviz2-5] [INFO] [1785218414.225803455] [rviz]: Message Filter dropping message: frame 'odom' at time 86.391 for reason 'discarding message because the queue is full'
[component_container_isolated-6] [INFO] [1785218414.331701749] [global_costmap.global_costmap]: Timed out waiting for transform from base_link to map to become available, tf error: Invalid frame ID "map" passed to canTransform argument target_frame - frame does not exist
[rviz2-5] [INFO] [1785218414.353721200] [rviz]: Message Filter dropping message: frame 'base_scan' at time 86.536 for reason 'discarding message because the queue is full'
[rviz2-5] [INFO] [1785218414.417424772] [rviz]: Message Filter dropping message: frame 'odom' at time 86.595 for reason 'discarding message because the queue is full'
[rviz2-5] [INFO] [1785218414.547405108] [rviz]: Message Filter dropping message: frame 'base_scan' at time 86.735 for reason 'discarding message because the queue is full'
[rviz2-5] [INFO] [1785218414.609729724] [rviz]: Message Filter dropping message: frame 'odom' at time 86.799 for reason 'discarding message because the queue is full'
[rviz2-5] [INFO] [1785218414.609853054] [rviz]: Message Filter dropping message: frame 'odom' at time 82.600 for reason 'discarding message because the queue is full'
[rviz2-5] [INFO] [1785218414.769819042] [rviz]: Message Filter dropping message: frame 'base_scan' at time 86.935 for reason 'discarding message because the queue is full'
[rviz2-5] [INFO] [1785218414.801547939] [rviz]: Message Filter dropping message: frame 'odom' at time 87.003 for reason 'discarding message because the queue is full'
[component_container_isolated-6] [INFO] [1785218414.831587805] [global_costmap.global_costmap]: Timed out waiting for transform from base_link to map to become available, tf error: Invalid frame ID "map" passed to canTransform argument target_frame - frame does not exist
[rviz2-5] [INFO] [1785218414.963013060] [rviz]: Message Filter dropping message: frame 'base_scan' at time 87.135 for reason 'discarding message because the queue is full'
[rviz2-5] [INFO] [1785218415.026355066] [rviz]: Message Filter dropping message: frame 'odom' at time 87.207 for reason 'discarding message because the queue is full'
[rviz2-5] [INFO] [1785218415.154331596] [rviz]: Message Filter dropping message: frame 'base_scan' at time 87.335 for reason 'discarding message because the queue is full'
[rviz2-5] [INFO] [1785218415.217480497] [rviz]: Message Filter dropping message: frame 'odom' at time 87.377 for reason 'discarding message because the queue is full'
[rviz2-5] [INFO] [1785218415.217605806] [rviz]: Message Filter dropping message: frame 'odom' at time 83.200 for reason 'discarding message because the queue is full'
[component_container_isolated-6] [INFO] [1785218415.331603897] [global_costmap.global_costmap]: Timed out waiting for transform from base_link to map to become available, tf error: Invalid frame ID "map" passed to canTransform argument target_frame - frame does not exist
[rviz2-5] [INFO] [1785218415.378278685] [rviz]: Message Filter dropping message: frame 'base_scan' at time 87.535 for reason 'discarding message because the queue is full'
[rviz2-5] [INFO] [1785218415.410335549] [rviz]: Message Filter dropping message: frame 'odom' at time 87.581 for reason 'discarding message because the queue is full'
[rviz2-5] [INFO] [1785218415.570152972] [rviz]: Message Filter dropping message: frame 'base_scan' at time 87.735 for reason 'discarding message because the queue is full'
[rviz2-5] [INFO] [1785218415.602025554] [rviz]: Message Filter dropping message: frame 'odom' at time 87.785 for reason 'discarding message because the queue is full'
[rviz2-5] [INFO] [1785218415.762950775] [rviz]: Message Filter dropping message: frame 'base_scan' at time 87.935 for reason 'discarding message because the queue is full'
[rviz2-5] [INFO] [1785218415.826578339] [rviz]: Message Filter dropping message: frame 'odom' at time 87.989 for reason 'discarding message because the queue is full'
[rviz2-5] [INFO] [1785218415.826685228] [rviz]: Message Filter dropping message: frame 'odom' at time 83.800 for reason 'discarding message because the queue is full'
[component_container_isolated-6] [INFO] [1785218415.831612979] [global_costmap.global_costmap]: Timed out waiting for transform from base_link to map to become available, tf error: Invalid frame ID "map" passed to canTransform argument target_frame - frame does not exist
[component_container_isolated-6] [WARN] [1785218415.983161129] [amcl]: AMCL cannot publish a pose or update the transform. Please set the initial pose...
[rviz2-5] [INFO] [1785218415.986071916] [rviz]: Message Filter dropping message: frame 'base_scan' at time 88.135 for reason 'discarding message because the queue is full'
[rviz2-5] [INFO] [1785218416.018159694] [rviz]: Message Filter dropping message: frame 'odom' at time 88.193 for reason 'discarding message because the queue is full'
[rviz2-5] [INFO] [1785218416.178413599] [rviz]: Message Filter dropping message: frame 'base_scan' at time 88.335 for reason 'discarding message because the queue is full'
[rviz2-5] [INFO] [1785218416.210322348] [rviz]: Message Filter dropping message: frame 'odom' at time 88.363 for reason 'discarding message because the queue is full'
[component_container_isolated-6] [INFO] [1785218416.331611138] [global_costmap.global_costmap]: Timed out waiting for transform from base_link to map to become available, tf error: Invalid frame ID "map" passed to canTransform argument target_frame - frame does not exist
[rviz2-5] [INFO] [1785218416.369862139] [rviz]: Message Filter dropping message: frame 'base_scan' at time 88.535 for reason 'discarding message because the queue is full'
[rviz2-5] [INFO] [1785218416.401712395] [rviz]: Message Filter dropping message: frame 'odom' at time 88.567 for reason 'discarding message because the queue is full'
[rviz2-5] [INFO] [1785218416.401912930] [rviz]: Message Filter dropping message: frame 'odom' at time 84.400 for reason 'discarding message because the queue is full'
[rviz2-5] [INFO] [1785218416.565679831] [rviz]: Message Filter dropping message: frame 'base_scan' at time 88.735 for reason 'discarding message because the queue is full'
[rviz2-5] [INFO] [1785218416.626738545] [rviz]: Message Filter dropping message: frame 'odom' at time 88.771 for reason 'discarding message because the queue is full'
[rviz2-5] [INFO] [1785218416.785428483] [rviz]: Message Filter dropping message: frame 'base_scan' at time 88.935 for reason 'discarding message because the queue is full'
[rviz2-5] [INFO] [1785218416.818320305] [rviz]: Message Filter dropping message: frame 'odom' at time 88.975 for reason 'discarding message because the queue is full'
[component_container_isolated-6] [INFO] [1785218416.831646218] [global_costmap.global_costmap]: Timed out waiting for transform from base_link to map to become available, tf error: Invalid frame ID "map" passed to canTransform argument target_frame - frame does not exist
[rviz2-5] [INFO] [1785218416.977696749] [rviz]: Message Filter dropping message: frame 'base_scan' at time 89.135 for reason 'discarding message because the queue is full'
[rviz2-5] [INFO] [1785218417.010107981] [rviz]: Message Filter dropping message: frame 'odom' at time 89.179 for reason 'discarding message because the queue is full'
[rviz2-5] [INFO] [1785218417.011297990] [rviz]: Message Filter dropping message: frame 'odom' at time 85.000 for reason 'discarding message because the queue is full'
[rviz2-5] [INFO] [1785218417.170291288] [rviz]: Message Filter dropping message: frame 'base_scan' at time 89.335 for reason 'discarding message because the queue is full'
[rviz2-5] [INFO] [1785218417.201254684] [rviz]: Message Filter dropping message: frame 'odom' at time 89.349 for reason 'discarding message because the queue is full'
[component_container_isolated-6] [INFO] [1785218417.331682504] [global_costmap.global_costmap]: Timed out waiting for transform from base_link to map to become available, tf error: Invalid frame ID "map" passed to canTransform argument target_frame - frame does not exist
[rviz2-5] [INFO] [1785218417.361398162] [rviz]: Message Filter dropping message: frame 'base_scan' at time 89.536 for reason 'discarding message because the queue is full'
[rviz2-5] [INFO] [1785218417.425549560] [rviz]: Message Filter dropping message: frame 'odom' at time 89.553 for reason 'discarding message because the queue is full'
[rviz2-5] [INFO] [1785218417.585941743] [rviz]: Message Filter dropping message: frame 'base_scan' at time 89.735 for reason 'discarding message because the queue is full'
[rviz2-5] [INFO] [1785218417.617798807] [rviz]: Message Filter dropping message: frame 'odom' at time 89.757 for reason 'discarding message because the queue is full'
[rviz2-5] [INFO] [1785218417.617922507] [rviz]: Message Filter dropping message: frame 'odom' at time 85.600 for reason 'discarding message because the queue is full'
[rviz2-5] [INFO] [1785218417.778133874] [rviz]: Message Filter dropping message: frame 'base_scan' at time 89.935 for reason 'discarding message because the queue is full'
[rviz2-5] [INFO] [1785218417.809743316] [rviz]: Message Filter dropping message: frame 'odom' at time 89.961 for reason 'discarding message because the queue is full'
[component_container_isolated-6] [INFO] [1785218417.832372772] [global_costmap.global_costmap]: Timed out waiting for transform from base_link to map to become available, tf error: Invalid frame ID "map" passed to canTransform argument target_frame - frame does not exist
[rviz2-5] [INFO] [1785218418.001599946] [rviz]: Message Filter dropping message: frame 'base_scan' at time 90.135 for reason 'discarding message because the queue is full'
[rviz2-5] [INFO] [1785218418.001726125] [rviz]: Message Filter dropping message: frame 'odom' at time 90.165 for reason 'discarding message because the queue is full'
[component_container_isolated-6] [WARN] [1785218418.179932930] [amcl]: AMCL cannot publish a pose or update the transform. Please set the initial pose...
[rviz2-5] [INFO] [1785218418.193985082] [rviz]: Message Filter dropping message: frame 'base_scan' at time 90.335 for reason 'discarding message because the queue is full'
[rviz2-5] [INFO] [1785218418.225597340] [rviz]: Message Filter dropping message: frame 'odom' at time 90.369 for reason 'discarding message because the queue is full'
[rviz2-5] [INFO] [1785218418.225898923] [rviz]: Message Filter dropping message: frame 'odom' at time 86.200 for reason 'discarding message because the queue is full'
[component_container_isolated-6] [INFO] [1785218418.331578525] [global_costmap.global_costmap]: Timed out waiting for transform from base_link to map to become available, tf error: Invalid frame ID "map" passed to canTransform argument target_frame - frame does not exist
[rviz2-5] [INFO] [1785218418.385465372] [rviz]: Message Filter dropping message: frame 'base_scan' at time 90.535 for reason 'discarding message because the queue is full'
[rviz2-5] [INFO] [1785218418.418297823] [rviz]: Message Filter dropping message: frame 'odom' at time 90.573 for reason 'discarding message because the queue is full'
[rviz2-5] [INFO] [1785218418.577944182] [rviz]: Message Filter dropping message: frame 'base_scan' at time 90.735 for reason 'discarding message because the queue is full'
[rviz2-5] [INFO] [1785218418.609382551] [rviz]: Message Filter dropping message: frame 'odom' at time 90.743 for reason 'discarding message because the queue is full'
[rviz2-5] [INFO] [1785218418.802519350] [rviz]: Message Filter dropping message: frame 'base_scan' at time 90.935 for reason 'discarding message because the queue is full'
[rviz2-5] [INFO] [1785218418.802633589] [rviz]: Message Filter dropping message: frame 'odom' at time 90.947 for reason 'discarding message because the queue is full'
[rviz2-5] [INFO] [1785218418.802665410] [rviz]: Message Filter dropping message: frame 'odom' at time 86.800 for reason 'discarding message because the queue is full'
[component_container_isolated-6] [INFO] [1785218418.831698484] [global_costmap.global_costmap]: Timed out waiting for transform from base_link to map to become available, tf error: Invalid frame ID "map" passed to canTransform argument target_frame - frame does not exist
[rviz2-5] [INFO] [1785218418.993600423] [rviz]: Message Filter dropping message: frame 'base_scan' at time 91.135 for reason 'discarding message because the queue is full'
[rviz2-5] [INFO] [1785218419.025623084] [rviz]: Message Filter dropping message: frame 'odom' at time 91.151 for reason 'discarding message because the queue is full'
[rviz2-5] [INFO] [1785218419.185348211] [rviz]: Message Filter dropping message: frame 'base_scan' at time 91.335 for reason 'discarding message because the queue is full'
[rviz2-5] [INFO] [1785218419.217995116] [rviz]: Message Filter dropping message: frame 'odom' at time 91.355 for reason 'discarding message because the queue is full'
[component_container_isolated-6] [INFO] [1785218419.331617341] [global_costmap.global_costmap]: Timed out waiting for transform from base_link to map to become available, tf error: Invalid frame ID "map" passed to canTransform argument target_frame - frame does not exist
[rviz2-5] [INFO] [1785218419.378132530] [rviz]: Message Filter dropping message: frame 'base_scan' at time 91.535 for reason 'discarding message because the queue is full'
[rviz2-5] [INFO] [1785218419.410188808] [rviz]: Message Filter dropping message: frame 'odom' at time 91.559 for reason 'discarding message because the queue is full'
[rviz2-5] [INFO] [1785218419.410285354] [rviz]: Message Filter dropping message: frame 'odom' at time 87.400 for reason 'discarding message because the queue is full'
[rviz2-5] [INFO] [1785218419.601961802] [rviz]: Message Filter dropping message: frame 'base_scan' at time 91.735 for reason 'discarding message because the queue is full'
[rviz2-5] [INFO] [1785218419.602085097] [rviz]: Message Filter dropping message: frame 'odom' at time 91.729 for reason 'discarding message because the queue is full'
[rviz2-5] [INFO] [1785218419.793687236] [rviz]: Message Filter dropping message: frame 'base_scan' at time 91.935 for reason 'discarding message because the queue is full'
[rviz2-5] [INFO] [1785218419.825932890] [rviz]: Message Filter dropping message: frame 'odom' at time 91.933 for reason 'discarding message because the queue is full'
[component_container_isolated-6] [INFO] [1785218419.832690045] [global_costmap.global_costmap]: Timed out waiting for transform from base_link to map to become available, tf error: Invalid frame ID "map" passed to canTransform argument target_frame - frame does not exist
[rviz2-5] [INFO] [1785218419.986231289] [rviz]: Message Filter dropping message: frame 'base_scan' at time 92.135 for reason 'discarding message because the queue is full'
[rviz2-5] [INFO] [1785218420.017560206] [rviz]: Message Filter dropping message: frame 'odom' at time 92.137 for reason 'discarding message because the queue is full'
[rviz2-5] [INFO] [1785218420.017685108] [rviz]: Message Filter dropping message: frame 'odom' at time 88.000 for reason 'discarding message because the queue is full'
[rviz2-5] [INFO] [1785218420.209645725] [rviz]: Message Filter dropping message: frame 'base_scan' at time 92.335 for reason 'discarding message because the queue is full'
[rviz2-5] [INFO] [1785218420.209768823] [rviz]: Message Filter dropping message: frame 'odom' at time 92.341 for reason 'discarding message because the queue is full'
[component_container_isolated-6] [INFO] [1785218420.332161098] [global_costmap.global_costmap]: Timed out waiting for transform from base_link to map to become available, tf error: Invalid frame ID "map" passed to canTransform argument target_frame - frame does not exist
[rviz2-5] [INFO] [1785218420.401682297] [rviz]: Message Filter dropping message: frame 'base_scan' at time 92.535 for reason 'discarding message because the queue is full'
[rviz2-5] [INFO] [1785218420.401790460] [rviz]: Message Filter dropping message: frame 'odom' at time 92.545 for reason 'discarding message because the queue is full'
[component_container_isolated-6] [WARN] [1785218420.402521955] [amcl]: AMCL cannot publish a pose or update the transform. Please set the initial pose...
[rviz2-5] [INFO] [1785218420.593806826] [rviz]: Message Filter dropping message: frame 'base_scan' at time 92.735 for reason 'discarding message because the queue is full'
[rviz2-5] [INFO] [1785218420.626705609] [rviz]: Message Filter dropping message: frame 'odom' at time 92.749 for reason 'discarding message because the queue is full'
[rviz2-5] [INFO] [1785218420.626814763] [rviz]: Message Filter dropping message: frame 'odom' at time 88.700 for reason 'discarding message because the queue is full'
[rviz2-5] [INFO] [1785218420.818788515] [rviz]: Message Filter dropping message: frame 'base_scan' at time 92.935 for reason 'discarding message because the queue is full'
[rviz2-5] [INFO] [1785218420.818986372] [rviz]: Message Filter dropping message: frame 'odom' at time 92.953 for reason 'discarding message because the queue is full'
[component_container_isolated-6] [INFO] [1785218420.831605552] [global_costmap.global_costmap]: Timed out waiting for transform from base_link to map to become available, tf error: Invalid frame ID "map" passed to canTransform argument target_frame - frame does not exist
[rviz2-5] [INFO] [1785218421.010694344] [rviz]: Message Filter dropping message: frame 'base_scan' at time 93.135 for reason 'discarding message because the queue is full'
[rviz2-5] [INFO] [1785218421.010838131] [rviz]: Message Filter dropping message: frame 'odom' at time 93.157 for reason 'discarding message because the queue is full'
[rviz2-5] [INFO] [1785218421.201993009] [rviz]: Message Filter dropping message: frame 'base_scan' at time 93.335 for reason 'discarding message because the queue is full'
[rviz2-5] [INFO] [1785218421.202120419] [rviz]: Message Filter dropping message: frame 'odom' at time 93.327 for reason 'discarding message because the queue is full'
[rviz2-5] [INFO] [1785218421.202151008] [rviz]: Message Filter dropping message: frame 'odom' at time 89.300 for reason 'discarding message because the queue is full'
[component_container_isolated-6] [INFO] [1785218421.331610782] [global_costmap.global_costmap]: Timed out waiting for transform from base_link to map to become available, tf error: Invalid frame ID "map" passed to canTransform argument target_frame - frame does not exist
[rviz2-5] [INFO] [1785218421.394017928] [rviz]: Message Filter dropping message: frame 'base_scan' at time 93.535 for reason 'discarding message because the queue is full'
[rviz2-5] [INFO] [1785218421.427173321] [rviz]: Message Filter dropping message: frame 'odom' at time 93.531 for reason 'discarding message because the queue is full'
[rviz2-5] [INFO] [1785218421.618060670] [rviz]: Message Filter dropping message: frame 'base_scan' at time 93.735 for reason 'discarding message because the queue is full'
[rviz2-5] [INFO] [1785218421.618180898] [rviz]: Message Filter dropping message: frame 'odom' at time 93.735 for reason 'discarding message because the queue is full'
[rviz2-5] [INFO] [1785218421.809885100] [rviz]: Message Filter dropping message: frame 'base_scan' at time 93.935 for reason 'discarding message because the queue is full'
[rviz2-5] [INFO] [1785218421.810014028] [rviz]: Message Filter dropping message: frame 'odom' at time 93.939 for reason 'discarding message because the queue is full'
[rviz2-5] [INFO] [1785218421.810053320] [rviz]: Message Filter dropping message: frame 'odom' at time 89.900 for reason 'discarding message because the queue is full'
[component_container_isolated-6] [INFO] [1785218421.831619584] [global_costmap.global_costmap]: Timed out waiting for transform from base_link to map to become available, tf error: Invalid frame ID "map" passed to canTransform argument target_frame - frame does not exist
[rviz2-5] [INFO] [1785218422.002299292] [rviz]: Message Filter dropping message: frame 'base_scan' at time 94.136 for reason 'discarding message because the queue is full'
[rviz2-5] [INFO] [1785218422.002440841] [rviz]: Message Filter dropping message: frame 'odom' at time 94.143 for reason 'discarding message because the queue is full'
[rviz2-5] [INFO] [1785218422.225887313] [rviz]: Message Filter dropping message: frame 'base_scan' at time 94.336 for reason 'discarding message because the queue is full'
[rviz2-5] [INFO] [1785218422.226012964] [rviz]: Message Filter dropping message: frame 'odom' at time 94.347 for reason 'discarding message because the queue is full'
[component_container_isolated-6] [INFO] [1785218422.331624000] [global_costmap.global_costmap]: Timed out waiting for transform from base_link to map to become available, tf error: Invalid frame ID "map" passed to canTransform argument target_frame - frame does not exist
[rviz2-5] [INFO] [1785218422.417797945] [rviz]: Message Filter dropping message: frame 'base_scan' at time 94.535 for reason 'discarding message because the queue is full'
[rviz2-5] [INFO] [1785218422.417912200] [rviz]: Message Filter dropping message: frame 'odom' at time 94.517 for reason 'discarding message because the queue is full'
[rviz2-5] [INFO] [1785218422.417944520] [rviz]: Message Filter dropping message: frame 'odom' at time 90.500 for reason 'discarding message because the queue is full'
[rviz2-5] [INFO] [1785218422.617325344] [rviz]: Message Filter dropping message: frame 'base_scan' at time 94.735 for reason 'discarding message because the queue is full'
[rviz2-5] [INFO] [1785218422.617533074] [rviz]: Message Filter dropping message: frame 'odom' at time 94.721 for reason 'discarding message because the queue is full'
[component_container_isolated-6] [WARN] [1785218422.641348451] [amcl]: AMCL cannot publish a pose or update the transform. Please set the initial pose...
[rviz2-5] [INFO] [1785218422.804958917] [rviz]: Message Filter dropping message: frame 'odom' at time 94.925 for reason 'discarding message because the queue is full'
[component_container_isolated-6] [INFO] [1785218422.833729745] [global_costmap.global_costmap]: Timed out waiting for transform from base_link to map to become available, tf error: Invalid frame ID "map" passed to canTransform argument target_frame - frame does not exist
[rviz2-5] [INFO] [1785218422.867391739] [rviz]: Message Filter dropping message: frame 'base_scan' at time 94.935 for reason 'discarding message because the queue is full'
[rviz2-5] [INFO] [1785218423.026926192] [rviz]: Message Filter dropping message: frame 'base_scan' at time 95.135 for reason 'discarding message because the queue is full'
[rviz2-5] [INFO] [1785218423.027036347] [rviz]: Message Filter dropping message: frame 'odom' at time 95.129 for reason 'discarding message because the queue is full'
[rviz2-5] [INFO] [1785218423.027110046] [rviz]: Message Filter dropping message: frame 'odom' at time 91.100 for reason 'discarding message because the queue is full'
[rviz2-5] [INFO] [1785218423.217466556] [rviz]: Message Filter dropping message: frame 'odom' at time 95.333 for reason 'discarding message because the queue is full'
[rviz2-5] [INFO] [1785218423.251475241] [rviz]: Message Filter dropping message: frame 'base_scan' at time 95.335 for reason 'discarding message because the queue is full'
[component_container_isolated-6] [INFO] [1785218423.332043857] [global_costmap.global_costmap]: Timed out waiting for transform from base_link to map to become available, tf error: Invalid frame ID "map" passed to canTransform argument target_frame - frame does not exist
[rviz2-5] [INFO] [1785218423.410683918] [rviz]: Message Filter dropping message: frame 'odom' at time 95.537 for reason 'discarding message because the queue is full'
[rviz2-5] [INFO] [1785218423.443055947] [rviz]: Message Filter dropping message: frame 'base_scan' at time 95.535 for reason 'discarding message because the queue is full'
[rviz2-5] [INFO] [1785218423.601795599] [rviz]: Message Filter dropping message: frame 'odom' at time 95.707 for reason 'discarding message because the queue is full'
[rviz2-5] [INFO] [1785218423.601926903] [rviz]: Message Filter dropping message: frame 'odom' at time 91.700 for reason 'discarding message because the queue is full'
[rviz2-5] [INFO] [1785218423.633445475] [rviz]: Message Filter dropping message: frame 'base_scan' at time 95.735 for reason 'discarding message because the queue is full'
[rviz2-5] [INFO] [1785218423.826718748] [rviz]: Message Filter dropping message: frame 'odom' at time 95.911 for reason 'discarding message because the queue is full'
[component_container_isolated-6] [INFO] [1785218423.831947408] [global_costmap.global_costmap]: Timed out waiting for transform from base_link to map to become available, tf error: Invalid frame ID "map" passed to canTransform argument target_frame - frame does not exist
[rviz2-5] [INFO] [1785218423.857648619] [rviz]: Message Filter dropping message: frame 'base_scan' at time 95.935 for reason 'discarding message because the queue is full'
[rviz2-5] [INFO] [1785218424.017844263] [rviz]: Message Filter dropping message: frame 'odom' at time 96.115 for reason 'discarding message because the queue is full'
[rviz2-5] [INFO] [1785218424.050405479] [rviz]: Message Filter dropping message: frame 'base_scan' at time 96.135 for reason 'discarding message because the queue is full'
[rviz2-5] [INFO] [1785218424.209375826] [rviz]: Message Filter dropping message: frame 'odom' at time 96.319 for reason 'discarding message because the queue is full'
[rviz2-5] [INFO] [1785218424.274094519] [rviz]: Message Filter dropping message: frame 'base_scan' at time 96.335 for reason 'discarding message because the queue is full'
[component_container_isolated-6] [INFO] [1785218424.332862465] [global_costmap.global_costmap]: Timed out waiting for transform from base_link to map to become available, tf error: Invalid frame ID "map" passed to canTransform argument target_frame - frame does not exist
[rviz2-5] [INFO] [1785218424.401999638] [rviz]: Message Filter dropping message: frame 'odom' at time 96.523 for reason 'discarding message because the queue is full'
[rviz2-5] [INFO] [1785218424.402151255] [rviz]: Message Filter dropping message: frame 'odom' at time 92.300 for reason 'discarding message because the queue is full'
[rviz2-5] [INFO] [1785218424.500214164] [rviz]: Message Filter dropping message: frame 'base_scan' at time 96.535 for reason 'discarding message because the queue is full'
[rviz2-5] [INFO] [1785218424.627958437] [rviz]: Message Filter dropping message: frame 'odom' at time 96.727 for reason 'discarding message because the queue is full'
[rviz2-5] [INFO] [1785218424.723381795] [rviz]: Message Filter dropping message: frame 'base_scan' at time 96.735 for reason 'discarding message because the queue is full'
[rviz2-5] [INFO] [1785218424.817803464] [rviz]: Message Filter dropping message: frame 'odom' at time 96.897 for reason 'discarding message because the queue is full'
[component_container_isolated-6] [INFO] [1785218424.832964211] [global_costmap.global_costmap]: Timed out waiting for transform from base_link to map to become available, tf error: Invalid frame ID "map" passed to canTransform argument target_frame - frame does not exist
[component_container_isolated-6] [WARN] [1785218424.901432603] [amcl]: AMCL cannot publish a pose or update the transform. Please set the initial pose...
[rviz2-5] [INFO] [1785218424.914074046] [rviz]: Message Filter dropping message: frame 'base_scan' at time 96.936 for reason 'discarding message because the queue is full'
[rviz2-5] [INFO] [1785218425.010206074] [rviz]: Message Filter dropping message: frame 'odom' at time 97.101 for reason 'discarding message because the queue is full'
[rviz2-5] [INFO] [1785218425.010331768] [rviz]: Message Filter dropping message: frame 'odom' at time 92.900 for reason 'discarding message because the queue is full'
[rviz2-5] [INFO] [1785218425.108585519] [rviz]: Message Filter dropping message: frame 'base_scan' at time 97.135 for reason 'discarding message because the queue is full'
[rviz2-5] [INFO] [1785218425.202289684] [rviz]: Message Filter dropping message: frame 'odom' at time 97.305 for reason 'discarding message because the queue is full'
[component_container_isolated-6] [INFO] [1785218425.332080581] [global_costmap.global_costmap]: Timed out waiting for transform from base_link to map to become available, tf error: Invalid frame ID "map" passed to canTransform argument target_frame - frame does not exist
[rviz2-5] [INFO] [1785218425.350655098] [rviz]: Message Filter dropping message: frame 'base_scan' at time 97.335 for reason 'discarding message because the queue is full'
[rviz2-5] [INFO] [1785218425.407627411] [rviz]: Message Filter dropping message: frame 'odom' at time 97.475 for reason 'discarding message because the queue is full'
[rviz2-5] [INFO] [1785218425.534778198] [rviz]: Message Filter dropping message: frame 'base_scan' at time 97.535 for reason 'discarding message because the queue is full'
[rviz2-5] [INFO] [1785218425.600732235] [rviz]: Message Filter dropping message: frame 'odom' at time 97.679 for reason 'discarding message because the queue is full'
[rviz2-5] [INFO] [1785218425.600853673] [rviz]: Message Filter dropping message: frame 'odom' at time 93.500 for reason 'discarding message because the queue is full'
[rviz2-5] [INFO] [1785218425.725610878] [rviz]: Message Filter dropping message: frame 'base_scan' at time 97.735 for reason 'discarding message because the queue is full'
[rviz2-5] [INFO] [1785218425.822206286] [rviz]: Message Filter dropping message: frame 'odom' at time 97.883 for reason 'discarding message because the queue is full'
[component_container_isolated-6] [INFO] [1785218425.831763932] [global_costmap.global_costmap]: Timed out waiting for transform from base_link to map to become available, tf error: Invalid frame ID "map" passed to canTransform argument target_frame - frame does not exist
[rviz2-5] [INFO] [1785218425.950443023] [rviz]: Message Filter dropping message: frame 'base_scan' at time 97.935 for reason 'discarding message because the queue is full'
[rviz2-5] [INFO] [1785218426.014009812] [rviz]: Message Filter dropping message: frame 'odom' at time 98.087 for reason 'discarding message because the queue is full'
[rviz2-5] [INFO] [1785218426.142037614] [rviz]: Message Filter dropping message: frame 'base_scan' at time 98.136 for reason 'discarding message because the queue is full'
[rviz2-5] [INFO] [1785218426.205781438] [rviz]: Message Filter dropping message: frame 'odom' at time 98.257 for reason 'discarding message because the queue is full'
[rviz2-5] [INFO] [1785218426.205913295] [rviz]: Message Filter dropping message: frame 'odom' at time 94.100 for reason 'discarding message because the queue is full'
[component_container_isolated-6] [INFO] [1785218426.332104249] [global_costmap.global_costmap]: Timed out waiting for transform from base_link to map to become available, tf error: Invalid frame ID "map" passed to canTransform argument target_frame - frame does not exist
[rviz2-5] [INFO] [1785218426.382696184] [rviz]: Message Filter dropping message: frame 'base_scan' at time 98.335 for reason 'discarding message because the queue is full'
[rviz2-5] [INFO] [1785218426.404387216] [rviz]: Message Filter dropping message: frame 'odom' at time 98.427 for reason 'discarding message because the queue is full'
[rviz2-5] [INFO] [1785218426.559535192] [rviz]: Message Filter dropping message: frame 'base_scan' at time 98.535 for reason 'discarding message because the queue is full'
[rviz2-5] [INFO] [1785218426.621528796] [rviz]: Message Filter dropping message: frame 'odom' at time 98.631 for reason 'discarding message because the queue is full'
[rviz2-5] [INFO] [1785218426.750159341] [rviz]: Message Filter dropping message: frame 'base_scan' at time 98.737 for reason 'discarding message because the queue is full'
[rviz2-5] [INFO] [1785218426.813995608] [rviz]: Message Filter dropping message: frame 'odom' at time 98.801 for reason 'discarding message because the queue is full'
[component_container_isolated-6] [INFO] [1785218426.831744668] [global_costmap.global_costmap]: Timed out waiting for transform from base_link to map to become available, tf error: Invalid frame ID "map" passed to canTransform argument target_frame - frame does not exist
[rviz2-5] [INFO] [1785218426.974332264] [rviz]: Message Filter dropping message: frame 'base_scan' at time 98.937 for reason 'discarding message because the queue is full'
[rviz2-5] [INFO] [1785218427.005888993] [rviz]: Message Filter dropping message: frame 'odom' at time 99.039 for reason 'discarding message because the queue is full'
[rviz2-5] [INFO] [1785218427.006095935] [rviz]: Message Filter dropping message: frame 'odom' at time 94.700 for reason 'discarding message because the queue is full'
[component_container_isolated-6] [WARN] [1785218427.157896325] [amcl]: AMCL cannot publish a pose or update the transform. Please set the initial pose...
[rviz2-5] [INFO] [1785218427.166137041] [rviz]: Message Filter dropping message: frame 'base_scan' at time 99.137 for reason 'discarding message because the queue is full'
[rviz2-5] [INFO] [1785218427.198945770] [rviz]: Message Filter dropping message: frame 'odom' at time 99.209 for reason 'discarding message because the queue is full'
[component_container_isolated-6] [INFO] [1785218427.331608496] [global_costmap.global_costmap]: Timed out waiting for transform from base_link to map to become available, tf error: Invalid frame ID "map" passed to canTransform argument target_frame - frame does not exist
[rviz2-5] [INFO] [1785218427.360398152] [rviz]: Message Filter dropping message: frame 'base_scan' at time 99.337 for reason 'discarding message because the queue is full'
[rviz2-5] [INFO] [1785218427.429046169] [rviz]: Message Filter dropping message: frame 'odom' at time 99.379 for reason 'discarding message because the queue is full'
[rviz2-5] [INFO] [1785218427.600685143] [rviz]: Message Filter dropping message: frame 'base_scan' at time 99.537 for reason 'discarding message because the queue is full'
[rviz2-5] [INFO] [1785218427.600831076] [rviz]: Message Filter dropping message: frame 'odom' at time 99.583 for reason 'discarding message because the queue is full'
[rviz2-5] [INFO] [1785218427.600868586] [rviz]: Message Filter dropping message: frame 'odom' at time 95.300 for reason 'discarding message because the queue is full'
[rviz2-5] [INFO] [1785218427.825468487] [rviz]: Message Filter dropping message: frame 'base_scan' at time 99.737 for reason 'discarding message because the queue is full'
[rviz2-5] [INFO] [1785218427.825606829] [rviz]: Message Filter dropping message: frame 'odom' at time 99.787 for reason 'discarding message because the queue is full'
[component_container_isolated-6] [INFO] [1785218427.831590563] [global_costmap.global_costmap]: Timed out waiting for transform from base_link to map to become available, tf error: Invalid frame ID "map" passed to canTransform argument target_frame - frame does not exist
[rviz2-5] [INFO] [1785218428.014958515] [rviz]: Message Filter dropping message: frame 'base_scan' at time 99.937 for reason 'discarding message because the queue is full'
[rviz2-5] [INFO] [1785218428.018159066] [rviz]: Message Filter dropping message: frame 'odom' at time 99.991 for reason 'discarding message because the queue is full'
[rviz2-5] [INFO] [1785218428.205669076] [rviz]: Message Filter dropping message: frame 'base_scan' at time 100.137 for reason 'discarding message because the queue is full'
[rviz2-5] [INFO] [1785218428.205813331] [rviz]: Message Filter dropping message: frame 'odom' at time 100.195 for reason 'discarding message because the queue is full'
[rviz2-5] [INFO] [1785218428.205847621] [rviz]: Message Filter dropping message: frame 'odom' at time 95.900 for reason 'discarding message because the queue is full'
[component_container_isolated-6] [INFO] [1785218428.331621823] [global_costmap.global_costmap]: Timed out waiting for transform from base_link to map to become available, tf error: Invalid frame ID "map" passed to canTransform argument target_frame - frame does not exist
[rviz2-5] [INFO] [1785218428.406600162] [rviz]: Message Filter dropping message: frame 'odom' at time 100.365 for reason 'discarding message because the queue is full'
[rviz2-5] [INFO] [1785218428.438478668] [rviz]: Message Filter dropping message: frame 'base_scan' at time 100.337 for reason 'discarding message because the queue is full'
[rviz2-5] [INFO] [1785218428.622909229] [rviz]: Message Filter dropping message: frame 'base_scan' at time 100.537 for reason 'discarding message because the queue is full'
[rviz2-5] [INFO] [1785218428.623036848] [rviz]: Message Filter dropping message: frame 'odom' at time 100.569 for reason 'discarding message because the queue is full'
[rviz2-5] [INFO] [1785218428.817170909] [rviz]: Message Filter dropping message: frame 'odom' at time 100.773 for reason 'discarding message because the queue is full'
[rviz2-5] [INFO] [1785218428.817296732] [rviz]: Message Filter dropping message: frame 'odom' at time 96.500 for reason 'discarding message because the queue is full'
[component_container_isolated-6] [INFO] [1785218428.833117259] [global_costmap.global_costmap]: Timed out waiting for transform from base_link to map to become available, tf error: Invalid frame ID "map" passed to canTransform argument target_frame - frame does not exist
[rviz2-5] [INFO] [1785218428.849045520] [rviz]: Message Filter dropping message: frame 'base_scan' at time 100.737 for reason 'discarding message because the queue is full'
[rviz2-5] [INFO] [1785218429.007174490] [rviz]: Message Filter dropping message: frame 'odom' at time 100.977 for reason 'discarding message because the queue is full'
[rviz2-5] [INFO] [1785218429.040035709] [rviz]: Message Filter dropping message: frame 'base_scan' at time 100.937 for reason 'discarding message because the queue is full'
[rviz2-5] [INFO] [1785218429.200182828] [rviz]: Message Filter dropping message: frame 'odom' at time 101.181 for reason 'discarding message because the queue is full'
[rviz2-5] [INFO] [1785218429.301257382] [rviz]: Message Filter dropping message: frame 'base_scan' at time 101.137 for reason 'discarding message because the queue is full'
[component_container_isolated-6] [INFO] [1785218429.333398263] [global_costmap.global_costmap]: Timed out waiting for transform from base_link to map to become available, tf error: Invalid frame ID "map" passed to canTransform argument target_frame - frame does not exist
[rviz2-5] [INFO] [1785218429.401457806] [rviz]: Message Filter dropping message: frame 'odom' at time 101.351 for reason 'discarding message because the queue is full'
[component_container_isolated-6] [WARN] [1785218429.510626564] [amcl]: AMCL cannot publish a pose or update the transform. Please set the initial pose...
[rviz2-5] [INFO] [1785218429.526055312] [rviz]: Message Filter dropping message: frame 'base_scan' at time 101.337 for reason 'discarding message because the queue is full'
[rviz2-5] [INFO] [1785218429.622470037] [rviz]: Message Filter dropping message: frame 'odom' at time 101.521 for reason 'discarding message because the queue is full'
[rviz2-5] [INFO] [1785218429.622588875] [rviz]: Message Filter dropping message: frame 'odom' at time 97.100 for reason 'discarding message because the queue is full'
[rviz2-5] [INFO] [1785218429.717470366] [rviz]: Message Filter dropping message: frame 'base_scan' at time 101.537 for reason 'discarding message because the queue is full'
[rviz2-5] [INFO] [1785218429.814282653] [rviz]: Message Filter dropping message: frame 'odom' at time 101.725 for reason 'discarding message because the queue is full'
[component_container_isolated-6] [INFO] [1785218429.831623409] [global_costmap.global_costmap]: Timed out waiting for transform from base_link to map to become available, tf error: Invalid frame ID "map" passed to canTransform argument target_frame - frame does not exist
[rviz2-5] [INFO] [1785218429.909907798] [rviz]: Message Filter dropping message: frame 'base_scan' at time 101.738 for reason 'discarding message because the queue is full'
[rviz2-5] [INFO] [1785218430.005830088] [rviz]: Message Filter dropping message: frame 'odom' at time 101.929 for reason 'discarding message because the queue is full'
[rviz2-5] [INFO] [1785218430.102304092] [rviz]: Message Filter dropping message: frame 'base_scan' at time 101.939 for reason 'discarding message because the queue is full'
[rviz2-5] [INFO] [1785218430.199927511] [rviz]: Message Filter dropping message: frame 'odom' at time 102.133 for reason 'discarding message because the queue is full'
[rviz2-5] [INFO] [1785218430.233617310] [rviz]: Message Filter dropping message: frame 'odom' at time 97.700 for reason 'discarding message because the queue is full'
[rviz2-5] [INFO] [1785218430.326821967] [rviz]: Message Filter dropping message: frame 'base_scan' at time 102.139 for reason 'discarding message because the queue is full'
[component_container_isolated-6] [INFO] [1785218430.331610220] [global_costmap.global_costmap]: Timed out waiting for transform from base_link to map to become available, tf error: Invalid frame ID "map" passed to canTransform argument target_frame - frame does not exist
[rviz2-5] [INFO] [1785218430.422200638] [rviz]: Message Filter dropping message: frame 'odom' at time 102.303 for reason 'discarding message because the queue is full'
[rviz2-5] [INFO] [1785218430.517954142] [rviz]: Message Filter dropping message: frame 'base_scan' at time 102.342 for reason 'discarding message because the queue is full'
[rviz2-5] [INFO] [1785218430.614148943] [rviz]: Message Filter dropping message: frame 'odom' at time 102.507 for reason 'discarding message because the queue is full'
[rviz2-5] [INFO] [1785218430.709507817] [rviz]: Message Filter dropping message: frame 'base_scan' at time 102.540 for reason 'discarding message because the queue is full'
[rviz2-5] [INFO] [1785218430.805936873] [rviz]: Message Filter dropping message: frame 'odom' at time 102.711 for reason 'discarding message because the queue is full'
[rviz2-5] [INFO] [1785218430.806043480] [rviz]: Message Filter dropping message: frame 'odom' at time 98.400 for reason 'discarding message because the queue is full'
[component_container_isolated-6] [INFO] [1785218430.831607353] [global_costmap.global_costmap]: Timed out waiting for transform from base_link to map to become available, tf error: Invalid frame ID "map" passed to canTransform argument target_frame - frame does not exist
[rviz2-5] [INFO] [1785218430.933988766] [rviz]: Message Filter dropping message: frame 'base_scan' at time 102.740 for reason 'discarding message because the queue is full'
[rviz2-5] [INFO] [1785218430.998853309] [rviz]: Message Filter dropping message: frame 'odom' at time 102.881 for reason 'discarding message because the queue is full'
[rviz2-5] [INFO] [1785218431.126414954] [rviz]: Message Filter dropping message: frame 'base_scan' at time 102.940 for reason 'discarding message because the queue is full'
[rviz2-5] [INFO] [1785218431.221855395] [rviz]: Message Filter dropping message: frame 'odom' at time 103.085 for reason 'discarding message because the queue is full'
[rviz2-5] [INFO] [1785218431.317873541] [rviz]: Message Filter dropping message: frame 'base_scan' at time 103.140 for reason 'discarding message because the queue is full'
[component_container_isolated-6] [INFO] [1785218431.331726011] [global_costmap.global_costmap]: Timed out waiting for transform from base_link to map to become available, tf error: Invalid frame ID "map" passed to canTransform argument target_frame - frame does not exist
[rviz2-5] [INFO] [1785218431.414787368] [rviz]: Message Filter dropping message: frame 'odom' at time 103.221 for reason 'discarding message because the queue is full'
[rviz2-5] [INFO] [1785218431.414923999] [rviz]: Message Filter dropping message: frame 'odom' at time 99.000 for reason 'discarding message because the queue is full'
[rviz2-5] [INFO] [1785218431.543397118] [rviz]: Message Filter dropping message: frame 'base_scan' at time 103.340 for reason 'discarding message because the queue is full'
[rviz2-5] [INFO] [1785218431.608549531] [rviz]: Message Filter dropping message: frame 'odom' at time 103.425 for reason 'discarding message because the queue is full'
[rviz2-5] [INFO] [1785218431.734103163] [rviz]: Message Filter dropping message: frame 'base_scan' at time 103.542 for reason 'discarding message because the queue is full'
[component_container_isolated-6] [WARN] [1785218431.749674755] [amcl]: AMCL cannot publish a pose or update the transform. Please set the initial pose...
[rviz2-5] [INFO] [1785218431.799710070] [rviz]: Message Filter dropping message: frame 'odom' at time 103.629 for reason 'discarding message because the queue is full'
[component_container_isolated-6] [INFO] [1785218431.831692446] [global_costmap.global_costmap]: Timed out waiting for transform from base_link to map to become available, tf error: Invalid frame ID "map" passed to canTransform argument target_frame - frame does not exist
[rviz2-5] [INFO] [1785218431.926083815] [rviz]: Message Filter dropping message: frame 'base_scan' at time 103.741 for reason 'discarding message because the queue is full'
[rviz2-5] [INFO] [1785218432.022809771] [rviz]: Message Filter dropping message: frame 'odom' at time 103.833 for reason 'discarding message because the queue is full'
[rviz2-5] [INFO] [1785218432.023084945] [rviz]: Message Filter dropping message: frame 'odom' at time 99.600 for reason 'discarding message because the queue is full'
[rviz2-5] [INFO] [1785218432.150871724] [rviz]: Message Filter dropping message: frame 'base_scan' at time 103.941 for reason 'discarding message because the queue is full'
[rviz2-5] [INFO] [1785218432.215002260] [rviz]: Message Filter dropping message: frame 'odom' at time 104.037 for reason 'discarding message because the queue is full'
[component_container_isolated-6] [INFO] [1785218432.331650221] [global_costmap.global_costmap]: Timed out waiting for transform from base_link to map to become available, tf error: Invalid frame ID "map" passed to canTransform argument target_frame - frame does not exist
[rviz2-5] [INFO] [1785218432.342546767] [rviz]: Message Filter dropping message: frame 'base_scan' at time 104.141 for reason 'discarding message because the queue is full'
[rviz2-5] [INFO] [1785218432.406077888] [rviz]: Message Filter dropping message: frame 'odom' at time 104.207 for reason 'discarding message because the queue is full'
[rviz2-5] [INFO] [1785218432.533982389] [rviz]: Message Filter dropping message: frame 'base_scan' at time 104.341 for reason 'discarding message because the queue is full'
[rviz2-5] [INFO] [1785218432.601547380] [rviz]: Message Filter dropping message: frame 'odom' at time 104.411 for reason 'discarding message because the queue is full'
[rviz2-5] [INFO] [1785218432.601698507] [rviz]: Message Filter dropping message: frame 'odom' at time 100.200 for reason 'discarding message because the queue is full'
[rviz2-5] [INFO] [1785218432.758357614] [rviz]: Message Filter dropping message: frame 'base_scan' at time 104.541 for reason 'discarding message because the queue is full'
[rviz2-5] [INFO] [1785218432.821838373] [rviz]: Message Filter dropping message: frame 'odom' at time 104.615 for reason 'discarding message because the queue is full'
[component_container_isolated-6] [INFO] [1785218432.831640024] [global_costmap.global_costmap]: Timed out waiting for transform from base_link to map to become available, tf error: Invalid frame ID "map" passed to canTransform argument target_frame - frame does not exist
[rviz2-5] [INFO] [1785218432.949598388] [rviz]: Message Filter dropping message: frame 'base_scan' at time 104.741 for reason 'discarding message because the queue is full'
[rviz2-5] [INFO] [1785218433.014262831] [rviz]: Message Filter dropping message: frame 'odom' at time 104.819 for reason 'discarding message because the queue is full'
[rviz2-5] [INFO] [1785218433.174330073] [rviz]: Message Filter dropping message: frame 'base_scan' at time 104.941 for reason 'discarding message because the queue is full'
[rviz2-5] [INFO] [1785218433.206632631] [rviz]: Message Filter dropping message: frame 'odom' at time 105.023 for reason 'discarding message because the queue is full'
[component_container_isolated-6] [INFO] [1785218433.331600645] [global_costmap.global_costmap]: Timed out waiting for transform from base_link to map to become available, tf error: Invalid frame ID "map" passed to canTransform argument target_frame - frame does not exist
[rviz2-5] [INFO] [1785218433.367208920] [rviz]: Message Filter dropping message: frame 'base_scan' at time 105.141 for reason 'discarding message because the queue is full'
[rviz2-5] [INFO] [1785218433.399661621] [rviz]: Message Filter dropping message: frame 'odom' at time 105.193 for reason 'discarding message because the queue is full'
[rviz2-5] [INFO] [1785218433.399812374] [rviz]: Message Filter dropping message: frame 'odom' at time 100.900 for reason 'discarding message because the queue is full'
[rviz2-5] [INFO] [1785218433.558230842] [rviz]: Message Filter dropping message: frame 'base_scan' at time 105.341 for reason 'discarding message because the queue is full'
[rviz2-5] [INFO] [1785218433.622950407] [rviz]: Message Filter dropping message: frame 'odom' at time 105.397 for reason 'discarding message because the queue is full'
[rviz2-5] [INFO] [1785218433.749672812] [rviz]: Message Filter dropping message: frame 'base_scan' at time 105.541 for reason 'discarding message because the queue is full'
[rviz2-5] [INFO] [1785218433.813876358] [rviz]: Message Filter dropping message: frame 'odom' at time 105.601 for reason 'discarding message because the queue is full'
[component_container_isolated-6] [INFO] [1785218433.831612172] [global_costmap.global_costmap]: Timed out waiting for transform from base_link to map to become available, tf error: Invalid frame ID "map" passed to canTransform argument target_frame - frame does not exist
[component_container_isolated-6] [WARN] [1785218433.950685293] [amcl]: AMCL cannot publish a pose or update the transform. Please set the initial pose...
[rviz2-5] [INFO] [1785218433.974564849] [rviz]: Message Filter dropping message: frame 'base_scan' at time 105.741 for reason 'discarding message because the queue is full'
[rviz2-5] [INFO] [1785218434.006698471] [rviz]: Message Filter dropping message: frame 'odom' at time 105.805 for reason 'discarding message because the queue is full'
[rviz2-5] [INFO] [1785218434.006838297] [rviz]: Message Filter dropping message: frame 'odom' at time 101.500 for reason 'discarding message because the queue is full'
[rviz2-5] [INFO] [1785218434.166014042] [rviz]: Message Filter dropping message: frame 'base_scan' at time 105.941 for reason 'discarding message because the queue is full'
[rviz2-5] [INFO] [1785218434.230690787] [rviz]: Message Filter dropping message: frame 'odom' at time 105.975 for reason 'discarding message because the queue is full'
[component_container_isolated-6] [INFO] [1785218434.331619040] [global_costmap.global_costmap]: Timed out waiting for transform from base_link to map to become available, tf error: Invalid frame ID "map" passed to canTransform argument target_frame - frame does not exist
[rviz2-5] [INFO] [1785218434.358250235] [rviz]: Message Filter dropping message: frame 'base_scan' at time 106.141 for reason 'discarding message because the queue is full'
[rviz2-5] [INFO] [1785218434.422632386] [rviz]: Message Filter dropping message: frame 'odom' at time 106.179 for reason 'discarding message because the queue is full'
[rviz2-5] [INFO] [1785218434.582135576] [rviz]: Message Filter dropping message: frame 'base_scan' at time 106.341 for reason 'discarding message because the queue is full'
[rviz2-5] [INFO] [1785218434.614519232] [rviz]: Message Filter dropping message: frame 'odom' at time 106.383 for reason 'discarding message because the queue is full'
[rviz2-5] [INFO] [1785218434.617932957] [rviz]: Message Filter dropping message: frame 'odom' at time 102.100 for reason 'discarding message because the queue is full'
[rviz2-5] [INFO] [1785218434.774787336] [rviz]: Message Filter dropping message: frame 'base_scan' at time 106.541 for reason 'discarding message because the queue is full'
[rviz2-5] [INFO] [1785218434.805907240] [rviz]: Message Filter dropping message: frame 'odom' at time 106.587 for reason 'discarding message because the queue is full'
[component_container_isolated-6] [INFO] [1785218434.832712690] [global_costmap.global_costmap]: Timed out waiting for transform from base_link to map to become available, tf error: Invalid frame ID "map" passed to canTransform argument target_frame - frame does not exist
[rviz2-5] [INFO] [1785218434.966308909] [rviz]: Message Filter dropping message: frame 'base_scan' at time 106.741 for reason 'discarding message because the queue is full'
[rviz2-5] [INFO] [1785218435.029665190] [rviz]: Message Filter dropping message: frame 'odom' at time 106.791 for reason 'discarding message because the queue is full'
[rviz2-5] [INFO] [1785218435.190088421] [rviz]: Message Filter dropping message: frame 'base_scan' at time 106.941 for reason 'discarding message because the queue is full'
[rviz2-5] [INFO] [1785218435.222640902] [rviz]: Message Filter dropping message: frame 'odom' at time 106.961 for reason 'discarding message because the queue is full'
[rviz2-5] [INFO] [1785218435.222740384] [rviz]: Message Filter dropping message: frame 'odom' at time 102.700 for reason 'discarding message because the queue is full'
[component_container_isolated-6] [INFO] [1785218435.331607551] [global_costmap.global_costmap]: Timed out waiting for transform from base_link to map to become available, tf error: Invalid frame ID "map" passed to canTransform argument target_frame - frame does not exist
[rviz2-5] [INFO] [1785218435.382708623] [rviz]: Message Filter dropping message: frame 'base_scan' at time 107.142 for reason 'discarding message because the queue is full'
[rviz2-5] [INFO] [1785218435.413860855] [rviz]: Message Filter dropping message: frame 'odom' at time 107.165 for reason 'discarding message because the queue is full'
[rviz2-5] [INFO] [1785218435.573889409] [rviz]: Message Filter dropping message: frame 'base_scan' at time 107.342 for reason 'discarding message because the queue is full'
[rviz2-5] [INFO] [1785218435.606462382] [rviz]: Message Filter dropping message: frame 'odom' at time 107.369 for reason 'discarding message because the queue is full'
[rviz2-5] [INFO] [1785218435.799651437] [rviz]: Message Filter dropping message: frame 'base_scan' at time 107.542 for reason 'discarding message because the queue is full'
[rviz2-5] [INFO] [1785218435.830977002] [rviz]: Message Filter dropping message: frame 'odom' at time 107.573 for reason 'discarding message because the queue is full'
[component_container_isolated-6] [INFO] [1785218435.831629297] [global_costmap.global_costmap]: Timed out waiting for transform from base_link to map to become available, tf error: Invalid frame ID "map" passed to canTransform argument target_frame - frame does not exist
[rviz2-5] [INFO] [1785218435.835004097] [rviz]: Message Filter dropping message: frame 'odom' at time 103.400 for reason 'discarding message because the queue is full'
[rviz2-5] [INFO] [1785218435.989791382] [rviz]: Message Filter dropping message: frame 'base_scan' at time 107.742 for reason 'discarding message because the queue is full'
[rviz2-5] [INFO] [1785218436.022431774] [rviz]: Message Filter dropping message: frame 'odom' at time 107.777 for reason 'discarding message because the queue is full'
[rviz2-5] [INFO] [1785218436.182446011] [rviz]: Message Filter dropping message: frame 'base_scan' at time 107.942 for reason 'discarding message because the queue is full'
[component_container_isolated-6] [WARN] [1785218436.185719106] [amcl]: AMCL cannot publish a pose or update the transform. Please set the initial pose...
[rviz2-5] [INFO] [1785218436.214800184] [rviz]: Message Filter dropping message: frame 'odom' at time 107.981 for reason 'discarding message because the queue is full'
[component_container_isolated-6] [INFO] [1785218436.331618656] [global_costmap.global_costmap]: Timed out waiting for transform from base_link to map to become available, tf error: Invalid frame ID "map" passed to canTransform argument target_frame - frame does not exist
[rviz2-5] [INFO] [1785218436.406591855] [rviz]: Message Filter dropping message: frame 'base_scan' at time 108.142 for reason 'discarding message because the queue is full'
[rviz2-5] [INFO] [1785218436.406743642] [rviz]: Message Filter dropping message: frame 'odom' at time 108.185 for reason 'discarding message because the queue is full'
[rviz2-5] [INFO] [1785218436.406817654] [rviz]: Message Filter dropping message: frame 'odom' at time 104.000 for reason 'discarding message because the queue is full'
[component_container_isolated-6] [INFO] [1785218436.478336709] [amcl]: initialPoseReceived
[component_container_isolated-6] [INFO] [1785218436.478527835] [amcl]: Setting pose (110.200000): -1.997 -1.498 0.002
[component_container_isolated-6] [INFO] [1785218436.591717024] [amcl]: initialPoseReceived
[component_container_isolated-6] [INFO] [1785218436.591874369] [amcl]: Setting pose (110.300000): -1.997 -1.498 0.002
[rviz2-5] [INFO] [1785218436.599123987] [rviz]: Message Filter dropping message: frame 'base_scan' at time 108.342 for reason 'discarding message because the queue is full'
[rviz2-5] [INFO] [1785218436.599810778] [rviz]: Message Filter dropping message: frame 'odom' at time 108.355 for reason 'discarding message because the queue is full'
[component_container_isolated-6] [INFO] [1785218436.705781233] [amcl]: initialPoseReceived
[component_container_isolated-6] [INFO] [1785218436.705866304] [amcl]: Setting pose (110.400000): -1.997 -1.498 0.002
[component_container_isolated-6] [INFO] [1785218436.810114873] [amcl]: initialPoseReceived
[component_container_isolated-6] [INFO] [1785218436.810495862] [amcl]: Setting pose (110.500000): -1.997 -1.498 0.002
[rviz2-5] [INFO] [1785218436.821692714] [rviz]: Message Filter dropping message: frame 'base_scan' at time 108.542 for reason 'discarding message because the queue is full'
[rviz2-5] [INFO] [1785218436.824617703] [rviz]: Message Filter dropping message: frame 'odom' at time 108.559 for reason 'discarding message because the queue is full'
[component_container_isolated-6] [INFO] [1785218436.832592626] [global_costmap.global_costmap]: Timed out waiting for transform from base_link to map to become available, tf error: Lookup would require extrapolation into the past.  Requested time 110.565000 but the earliest data is at time 111.342000, when looking up transform from frame [base_link] to frame [map]
[component_container_isolated-6] [INFO] [1785218436.910319950] [amcl]: initialPoseReceived
[component_container_isolated-6] [INFO] [1785218436.910501774] [amcl]: Setting pose (110.600000): -1.997 -1.498 0.002
[component_container_isolated-6] [INFO] [1785218437.008007116] [amcl]: initialPoseReceived
[component_container_isolated-6] [INFO] [1785218437.008077674] [amcl]: Setting pose (110.700000): -1.997 -1.498 0.002
[rviz2-5] [INFO] [1785218437.014043645] [rviz]: Message Filter dropping message: frame 'base_scan' at time 108.742 for reason 'discarding message because the queue is full'
[rviz2-5] [INFO] [1785218437.014320340] [rviz]: Message Filter dropping message: frame 'odom' at time 108.763 for reason 'discarding message because the queue is full'
[rviz2-5] [INFO] [1785218437.014372682] [rviz]: Message Filter dropping message: frame 'odom' at time 104.600 for reason 'discarding message because the queue is full'
[component_container_isolated-6] [INFO] [1785218437.122630820] [amcl]: initialPoseReceived
[component_container_isolated-6] [INFO] [1785218437.122765031] [amcl]: Setting pose (110.800000): -1.997 -1.498 0.002
[rviz2-5] [INFO] [1785218437.204765820] [rviz]: Message Filter dropping message: frame 'odom' at time 108.967 for reason 'discarding message because the queue is full'
[component_container_isolated-6] [INFO] [1785218437.220608318] [amcl]: initialPoseReceived
[component_container_isolated-6] [INFO] [1785218437.220751759] [amcl]: Setting pose (110.900000): -1.997 -1.498 0.002
[rviz2-5] [INFO] [1785218437.236805260] [rviz]: Message Filter dropping message: frame 'base_scan' at time 108.943 for reason 'discarding message because the queue is full'
[component_container_isolated-6] [INFO] [1785218437.318698004] [amcl]: initialPoseReceived
[component_container_isolated-6] [INFO] [1785218437.318766671] [amcl]: Setting pose (111.000000): -1.997 -1.498 0.002
[component_container_isolated-6] [INFO] [1785218437.331708656] [global_costmap.global_costmap]: Timed out waiting for transform from base_link to map to become available, tf error: Lookup would require extrapolation into the past.  Requested time 111.041000 but the earliest data is at time 111.342000, when looking up transform from frame [base_link] to frame [map]
[rviz2-5] [INFO] [1785218437.397855545] [rviz]: Message Filter dropping message: frame 'odom' at time 109.137 for reason 'discarding message because the queue is full'
[component_container_isolated-6] [INFO] [1785218437.420475382] [amcl]: initialPoseReceived
[component_container_isolated-6] [INFO] [1785218437.420532050] [amcl]: Setting pose (111.100000): -1.997 -1.498 0.002
[rviz2-5] [INFO] [1785218437.429229202] [rviz]: Message Filter dropping message: frame 'base_scan' at time 109.142 for reason 'discarding message because the queue is full'
[component_container_isolated-6] [INFO] [1785218437.520480006] [amcl]: initialPoseReceived
[component_container_isolated-6] [INFO] [1785218437.520547627] [amcl]: Setting pose (111.200000): -1.997 -1.498 0.002
[rviz2-5] [INFO] [1785218437.622316560] [rviz]: Message Filter dropping message: frame 'base_scan' at time 109.342 for reason 'discarding message because the queue is full'
[rviz2-5] [INFO] [1785218437.623186538] [rviz]: Message Filter dropping message: frame 'odom' at time 109.341 for reason 'discarding message because the queue is full'
[rviz2-5] [INFO] [1785218437.623255537] [rviz]: Message Filter dropping message: frame 'odom' at time 105.200 for reason 'discarding message because the queue is full'
[component_container_isolated-6] [INFO] [1785218437.624228607] [amcl]: initialPoseReceived
[component_container_isolated-6] [INFO] [1785218437.624270454] [amcl]: Setting pose (111.300000): -1.997 -1.498 0.002
[component_container_isolated-6] [INFO] [1785218437.742179882] [amcl]: initialPoseReceived
[component_container_isolated-6] [INFO] [1785218437.742499292] [amcl]: Setting pose (111.400000): -1.997 -1.498 0.002
[rviz2-5] [INFO] [1785218437.813182257] [rviz]: Message Filter dropping message: frame 'odom' at time 109.545 for reason 'discarding message because the queue is full'
[component_container_isolated-6] [INFO] [1785218437.832920570] [global_costmap.global_costmap]: start
[component_container_isolated-6] [INFO] [1785218437.841685363] [amcl]: initialPoseReceived
[component_container_isolated-6] [INFO] [1785218437.841751354] [amcl]: Setting pose (111.500000): -1.997 -1.498 0.002
[component_container_isolated-6] [INFO] [1785218437.963454448] [amcl]: initialPoseReceived
[component_container_isolated-6] [INFO] [1785218437.963616922] [amcl]: Setting pose (111.600000): -1.997 -1.498 0.002
[component_container_isolated-6] [INFO] [1785218438.056744514] [amcl]: initialPoseReceived
[component_container_isolated-6] [INFO] [1785218438.056827808] [amcl]: Setting pose (111.700000): -1.997 -1.498 0.002
[component_container_isolated-6] [INFO] [1785218438.159099333] [amcl]: initialPoseReceived
[component_container_isolated-6] [INFO] [1785218438.159290758] [amcl]: Setting pose (111.800000): -1.997 -1.498 0.002
[component_container_isolated-6] [INFO] [1785218438.257991032] [amcl]: initialPoseReceived
[component_container_isolated-6] [INFO] [1785218438.258049317] [amcl]: Setting pose (111.900000): -1.997 -1.498 0.002
[component_container_isolated-6] [INFO] [1785218438.368824492] [amcl]: initialPoseReceived
[component_container_isolated-6] [INFO] [1785218438.368926005] [amcl]: Setting pose (112.000000): -1.997 -1.498 0.002
[rviz2-5] [INFO] [1785218438.422679735] [rviz]: Message Filter dropping message: frame 'odom' at time 105.800 for reason 'discarding message because the queue is full'
[rviz2-5] [INFO] [1785218438.439773658] [rviz2]: Trying to create a map of size 60 x 60 using 1 swatches
[component_container_isolated-6] [INFO] [1785218438.468030014] [amcl]: initialPoseReceived
[component_container_isolated-6] [INFO] [1785218438.468086658] [amcl]: Setting pose (112.100000): -1.997 -1.498 0.002
[component_container_isolated-6] [INFO] [1785218438.567298512] [amcl]: initialPoseReceived
[component_container_isolated-6] [INFO] [1785218438.567354111] [amcl]: Setting pose (112.200000): -1.997 -1.498 0.002
[component_container_isolated-6] [INFO] [1785218438.671738878] [amcl]: initialPoseReceived
[component_container_isolated-6] [INFO] [1785218438.671793064] [amcl]: Setting pose (112.300000): -1.997 -1.498 0.002
[component_container_isolated-6] [INFO] [1785218438.784001976] [amcl]: initialPoseReceived
[component_container_isolated-6] [INFO] [1785218438.784086850] [amcl]: Setting pose (112.400000): -1.997 -1.498 0.002
[component_container_isolated-6] [INFO] [1785218438.884817296] [amcl]: initialPoseReceived
[component_container_isolated-6] [INFO] [1785218438.884881341] [amcl]: Setting pose (112.500000): -1.997 -1.498 0.002
[component_container_isolated-6] [INFO] [1785218438.891295689] [planner_server]: Activating plugin GridBased of type NavfnPlanner
[component_container_isolated-6] [INFO] [1785218438.908127668] [planner_server]: Creating bond (planner_server) to lifecycle manager.
[rviz2-5] [INFO] [1785218438.990895166] [rviz2]: Trying to create a map of size 2000 x 2000 using 1 swatches
[component_container_isolated-6] [INFO] [1785218438.999481328] [amcl]: initialPoseReceived
[component_container_isolated-6] [INFO] [1785218438.999573146] [amcl]: Setting pose (112.600000): -1.997 -1.498 0.002
[component_container_isolated-6] [INFO] [1785218439.031465588] [lifecycle_manager_navigation]: Server planner_server connected with bond.
[component_container_isolated-6] [INFO] [1785218439.031700967] [lifecycle_manager_navigation]: [34m[1mActivating behavior_server[0m[0m
[component_container_isolated-6] [INFO] [1785218439.032838391] [behavior_server]: Activating
[component_container_isolated-6] [INFO] [1785218439.032904526] [behavior_server]: Activating spin
[component_container_isolated-6] [INFO] [1785218439.032953735] [behavior_server]: Activating backup
[component_container_isolated-6] [INFO] [1785218439.032986286] [behavior_server]: Activating drive_on_heading
[component_container_isolated-6] [INFO] [1785218439.033079606] [behavior_server]: Activating assisted_teleop
[component_container_isolated-6] [INFO] [1785218439.033116852] [behavior_server]: Activating wait
[component_container_isolated-6] [INFO] [1785218439.033180880] [behavior_server]: Creating bond (behavior_server) to lifecycle manager.
[component_container_isolated-6] [INFO] [1785218439.148662491] [lifecycle_manager_navigation]: Server behavior_server connected with bond.
[component_container_isolated-6] [INFO] [1785218439.148773400] [lifecycle_manager_navigation]: [34m[1mActivating bt_navigator[0m[0m
[component_container_isolated-6] [INFO] [1785218439.151113346] [bt_navigator]: Activating
[component_container_isolated-6] [INFO] [1785218439.576809241] [bt_navigator]: Creating bond (bt_navigator) to lifecycle manager.
[component_container_isolated-6] [INFO] [1785218439.695322255] [lifecycle_manager_navigation]: Server bt_navigator connected with bond.
[component_container_isolated-6] [INFO] [1785218439.695447459] [lifecycle_manager_navigation]: [34m[1mActivating waypoint_follower[0m[0m
[component_container_isolated-6] [INFO] [1785218439.696776221] [waypoint_follower]: Activating
[component_container_isolated-6] [INFO] [1785218439.696891349] [waypoint_follower]: Creating bond (waypoint_follower) to lifecycle manager.
[component_container_isolated-6] [INFO] [1785218439.833680241] [lifecycle_manager_navigation]: Server waypoint_follower connected with bond.
[component_container_isolated-6] [INFO] [1785218439.833823411] [lifecycle_manager_navigation]: [34m[1mActivating velocity_smoother[0m[0m
[component_container_isolated-6] [INFO] [1785218439.846678422] [velocity_smoother]: Activating
[component_container_isolated-6] [INFO] [1785218439.846980631] [velocity_smoother]: Creating bond (velocity_smoother) to lifecycle manager.
[component_container_isolated-6] [INFO] [1785218439.975511569] [lifecycle_manager_navigation]: Server velocity_smoother connected with bond.
[component_container_isolated-6] [INFO] [1785218439.975577317] [lifecycle_manager_navigation]: [34m[1mManaged nodes are active[0m[0m
[component_container_isolated-6] [INFO] [1785218439.975583660] [lifecycle_manager_navigation]: [34m[1mCreating bond timer...[0m[0m
[component_container_isolated-6] [INFO] [1785218441.131719693] [bt_navigator]: Begin navigating from current location through 11 poses to (0.23, 1.84)
[component_container_isolated-6] [INFO] [1785218441.132156436] [bt_navigator_navigate_through_poses_rclcpp_node]: [RemovePassedGoals] odom rx: linear_x=-0.0000 m/s
[component_container_isolated-6] [INFO] [1785218441.132216684] [bt_navigator_navigate_through_poses_rclcpp_node]: [RemovePassedGoals] mission identity changed (tail_stamp_fp=74b4349a8ce8075a): reload queue size=11
[component_container_isolated-6] [INFO] [1785218441.132301845] [bt_navigator_navigate_through_poses_rclcpp_node]: [RemovePassedGoals] /enable_backward published: false (forward)
[component_container_isolated-6] [INFO] [1785218441.132380400] [bt_navigator_navigate_through_poses_rclcpp_node]: [RemovePassedGoals] init gpp batch z=[0,10] mission_goals=11
[component_container_isolated-6] [INFO] [1785218441.132397084] [bt_navigator_navigate_through_poses_rclcpp_node]: [RemovePassedGoals] terminal goal z=10 entered gpp window: stamp freeze active
[component_container_isolated-6] [INFO] [1785218441.143465443] [bt_navigator_navigate_through_poses_rclcpp_node]: [RemovePassedGoals] In tail segment, add to passed_pose_indexes index: 0
[component_container_isolated-6] [WARN] [1785218441.730370471] [planner_server]: Planner loop missed its desired rate of 20.0000 Hz. Current loop rate is 2.0000 Hz
[component_container_isolated-6] [INFO] [1785218441.733612733] [bt_navigator_navigate_through_poses_rclcpp_node]: FollowPathAction: input_goals not provided, using path poses as goals
[component_container_isolated-6] [INFO] [1785218441.735692627] [controller_server]: Received a goal, begin computing control effort.
[component_container_isolated-6] [WARN] [1785218441.736439611] [controller_server]: No goal checker was specified in parameter 'current_goal_checker'. Server will use only plugin loaded general_goal_checker . This warning will appear once.
[rviz2-5] [INFO] [1785218442.139934283] [rviz]: Message Filter dropping message: frame 'odom' at time 106.400 for reason 'the timestamp on the message is earlier than all the data in the transform cache'
[rviz2-5] [INFO] [1785218442.816672709] [rviz]: Message Filter dropping message: frame 'odom' at time 107.100 for reason 'the timestamp on the message is earlier than all the data in the transform cache'
[rviz2-5] [INFO] [1785218443.444136484] [rviz]: Message Filter dropping message: frame 'odom' at time 107.700 for reason 'the timestamp on the message is earlier than all the data in the transform cache'
[rviz2-5] [INFO] [1785218444.092308065] [rviz]: Message Filter dropping message: frame 'odom' at time 108.300 for reason 'the timestamp on the message is earlier than all the data in the transform cache'
[rviz2-5] [INFO] [1785218444.741290490] [rviz]: Message Filter dropping message: frame 'odom' at time 108.900 for reason 'the timestamp on the message is earlier than all the data in the transform cache'
[component_container_isolated-6] [INFO] [1785218445.229334644] [bt_navigator_navigate_through_poses_rclcpp_node]: [RemovePassedGoals] In tail segment, add to passed_pose_indexes index: 1
[component_container_isolated-6] [WARN] [1785218445.274926841] [planner_server]: Planner loop missed its desired rate of 20.0000 Hz. Current loop rate is 2.0000 Hz
[component_container_isolated-6] [INFO] [1785218445.287109620] [controller_server]: Passing new path to controller.
[rviz2-5] [INFO] [1785218445.410663993] [rviz]: Message Filter dropping message: frame 'odom' at time 109.500 for reason 'the timestamp on the message is earlier than all the data in the transform cache'
[rviz2-5] [INFO] [1785218445.607308466] [rviz]: Message Filter dropping message: frame 'odom' at time 109.749 for reason 'the timestamp on the message is earlier than all the data in the transform cache'
[rviz2-5] [INFO] [1785218445.808358560] [rviz]: Message Filter dropping message: frame 'odom' at time 109.953 for reason 'the timestamp on the message is earlier than all the data in the transform cache'
[rviz2-5] [INFO] [1785218446.032610308] [rviz]: Message Filter dropping message: frame 'odom' at time 110.100 for reason 'the timestamp on the message is earlier than all the data in the transform cache'
[rviz2-5] [INFO] [1785218446.251742167] [rviz]: Message Filter dropping message: frame 'odom' at time 110.327 for reason 'the timestamp on the message is earlier than all the data in the transform cache'
[rviz2-5] [INFO] [1785218446.251902157] [rviz]: Message Filter dropping message: frame 'odom' at time 110.157 for reason 'the timestamp on the message is earlier than all the data in the transform cache'
[rviz2-5] [INFO] [1785218446.479411379] [rviz]: Message Filter dropping message: frame 'base_scan' at time 109.542 for reason 'the timestamp on the message is earlier than all the data in the transform cache'
[rviz2-5] [INFO] [1785218446.486869112] [rviz]: Message Filter dropping message: frame 'odom' at time 110.531 for reason 'the timestamp on the message is earlier than all the data in the transform cache'
[rviz2-5] [INFO] [1785218446.670012037] [rviz]: Message Filter dropping message: frame 'base_scan' at time 109.742 for reason 'the timestamp on the message is earlier than all the data in the transform cache'
[rviz2-5] [INFO] [1785218446.717767529] [rviz]: Message Filter dropping message: frame 'odom' at time 110.700 for reason 'the timestamp on the message is earlier than all the data in the transform cache'
[rviz2-5] [INFO] [1785218446.717895564] [rviz]: Message Filter dropping message: frame 'odom' at time 110.735 for reason 'the timestamp on the message is earlier than all the data in the transform cache'
[rviz2-5] [INFO] [1785218446.884821597] [rviz]: Message Filter dropping message: frame 'base_scan' at time 109.942 for reason 'the timestamp on the message is earlier than all the data in the transform cache'
[rviz2-5] [INFO] [1785218446.919603188] [rviz]: Message Filter dropping message: frame 'odom' at time 110.905 for reason 'the timestamp on the message is earlier than all the data in the transform cache'
[rviz2-5] [INFO] [1785218447.082226306] [rviz]: Message Filter dropping message: frame 'base_scan' at time 110.142 for reason 'the timestamp on the message is earlier than all the data in the transform cache'
[rviz2-5] [INFO] [1785218447.121921824] [rviz]: Message Filter dropping message: frame 'odom' at time 111.109 for reason 'the timestamp on the message is earlier than all the data in the transform cache'
[component_container_isolated-6] [INFO] [1785218447.215370735] [bt_navigator_navigate_through_poses_rclcpp_node]: InsertGarbagePose: head-insert resume_from=0 remain=6 (mid=0 forward=1 far=0)
[component_container_isolated-6] [INFO] [1785218447.215799225] [bt_navigator_navigate_through_poses_rclcpp_node]: InsertGarbagePose: inserted garbage once at (4.00, 2.00), will not re-insert
[rviz2-5] [INFO] [1785218447.301495461] [rviz]: Message Filter dropping message: frame 'base_scan' at time 110.342 for reason 'the timestamp on the message is earlier than all the data in the transform cache'
[rviz2-5] [INFO] [1785218447.337909591] [rviz]: Message Filter dropping message: frame 'odom' at time 111.300 for reason 'the timestamp on the message is earlier than all the data in the transform cache'
[rviz2-5] [INFO] [1785218447.338036669] [rviz]: Message Filter dropping message: frame 'odom' at time 111.313 for reason 'the timestamp on the message is earlier than all the data in the transform cache'
[rviz2-5] [INFO] [1785218447.524247873] [rviz]: Message Filter dropping message: frame 'base_scan' at time 110.542 for reason 'the timestamp on the message is earlier than all the data in the transform cache'
[rviz2-5] [INFO] [1785218447.734593550] [rviz]: Message Filter dropping message: frame 'base_scan' at time 110.742 for reason 'the timestamp on the message is earlier than all the data in the transform cache'
[rviz2-5] [INFO] [1785218447.963939105] [rviz]: Message Filter dropping message: frame 'base_scan' at time 110.942 for reason 'the timestamp on the message is earlier than all the data in the transform cache'
[rviz2-5] [INFO] [1785218448.166765963] [rviz]: Message Filter dropping message: frame 'base_scan' at time 111.142 for reason 'the timestamp on the message is earlier than all the data in the transform cache'
[component_container_isolated-6] [INFO] [1785218448.292101165] [bt_navigator_navigate_through_poses_rclcpp_node]: [RemovePassedGoals] odom rx: linear_x=0.2599 m/s
[component_container_isolated-6] [INFO] [1785218448.292167165] [bt_navigator_navigate_through_poses_rclcpp_node]: [RemovePassedGoals] mission identity changed (tail_stamp_fp=2a010ef3a101ebd8): reload queue size=6
[component_container_isolated-6] [INFO] [1785218448.292219422] [bt_navigator_navigate_through_poses_rclcpp_node]: [RemovePassedGoals] init gpp batch z=[0,10] mission_goals=6
[component_container_isolated-6] [INFO] [1785218448.292229297] [bt_navigator_navigate_through_poses_rclcpp_node]: [RemovePassedGoals] terminal goal z=10 entered gpp window: stamp freeze active
[component_container_isolated-6] [WARN] [1785218448.501280431] [planner_server]: Planner loop missed its desired rate of 20.0000 Hz. Current loop rate is 5.0000 Hz
[component_container_isolated-6] [INFO] [1785218448.537162387] [controller_server]: Passing new path to controller.
[component_container_isolated-6] [WARN] [1785218451.832471176] [planner_server]: Planner loop missed its desired rate of 20.0000 Hz. Current loop rate is 3.3333 Hz
[component_container_isolated-6] [INFO] [1785218451.887052983] [controller_server]: Passing new path to controller.
[component_container_isolated-6] [INFO] [1785218454.847192500] [bt_navigator_navigate_through_poses_rclcpp_node]: [RemovePassedGoals] odom rx: linear_x=0.2465 m/s
[component_container_isolated-6] [WARN] [1785218455.221581282] [planner_server]: Planner loop missed its desired rate of 20.0000 Hz. Current loop rate is 2.5000 Hz
[component_container_isolated-6] [INFO] [1785218455.237432914] [controller_server]: Passing new path to controller.
[component_container_isolated-6] [WARN] [1785218458.687702961] [planner_server]: Planner loop missed its desired rate of 20.0000 Hz. Current loop rate is 2.5000 Hz
[component_container_isolated-6] [INFO] [1785218458.737704643] [controller_server]: Passing new path to controller.
[component_container_isolated-6] [INFO] [1785218461.712642440] [bt_navigator_navigate_through_poses_rclcpp_node]: [RemovePassedGoals] odom rx: linear_x=0.2468 m/s
[component_container_isolated-6] [INFO] [1785218461.712758133] [bt_navigator_navigate_through_poses_rclcpp_node]: [RemovePassedGoals] In tail segment, add to passed_pose_indexes index: 8
[component_container_isolated-6] [INFO] [1785218461.723623173] [bt_navigator_navigate_through_poses_rclcpp_node]: [RemovePassedGoals] In tail segment, add to passed_pose_indexes index: 9
[component_container_isolated-6] [WARN] [1785218461.830733724] [planner_server]: Planner loop missed its desired rate of 20.0000 Hz. Current loop rate is 10.0000 Hz
[component_container_isolated-6] [INFO] [1785218461.887489091] [controller_server]: Passing new path to controller.
[component_container_isolated-6] [INFO] [1785218464.852890863] [bt_navigator_navigate_through_poses_rclcpp_node]: [RemovePassedGoals] In tail segment, add to passed_pose_indexes index: 10
[component_container_isolated-6] [INFO] [1785218464.852976496] [bt_navigator_navigate_through_poses_rclcpp_node]: [RemovePassedGoals] init gpp batch z=[0,10] mission_goals=0
[component_container_isolated-6] [WARN] [1785218464.852984563] [bt_navigator_navigate_through_poses_rclcpp_node]: [RemovePassedGoals] prune removed all goals (was 0), keep previous gpp_goals snapshot count=1
[component_container_isolated-6] [WARN] [1785218464.862499422] [bt_navigator_navigate_through_poses_rclcpp_node]: [RemovePassedGoals] prune removed all goals (was 0), keep previous gpp_goals snapshot count=1
[component_container_isolated-6] [WARN] [1785218464.875393872] [bt_navigator_navigate_through_poses_rclcpp_node]: [RemovePassedGoals] prune removed all goals (was 0), keep previous gpp_goals snapshot count=1
[component_container_isolated-6] [WARN] [1785218464.882208035] [bt_navigator_navigate_through_poses_rclcpp_node]: [RemovePassedGoals] prune removed all goals (was 0), keep previous gpp_goals snapshot count=1
[component_container_isolated-6] [WARN] [1785218464.892844461] [bt_navigator_navigate_through_poses_rclcpp_node]: [RemovePassedGoals] prune removed all goals (was 0), keep previous gpp_goals snapshot count=1
[component_container_isolated-6] [WARN] [1785218464.902978586] [bt_navigator_navigate_through_poses_rclcpp_node]: [RemovePassedGoals] prune removed all goals (was 0), keep previous gpp_goals snapshot count=1
[component_container_isolated-6] [WARN] [1785218464.912537926] [bt_navigator_navigate_through_poses_rclcpp_node]: [RemovePassedGoals] prune removed all goals (was 0), keep previous gpp_goals snapshot count=1
[component_container_isolated-6] [WARN] [1785218464.922758729] [bt_navigator_navigate_through_poses_rclcpp_node]: [RemovePassedGoals] prune removed all goals (was 0), keep previous gpp_goals snapshot count=1
[component_container_isolated-6] [WARN] [1785218464.932262280] [bt_navigator_navigate_through_poses_rclcpp_node]: [RemovePassedGoals] prune removed all goals (was 0), keep previous gpp_goals snapshot count=1
[component_container_isolated-6] [INFO] [1785218464.937435569] [controller_server]: Passing new path to controller.
[component_container_isolated-6] [INFO] [1785218467.942901249] [bt_navigator_navigate_through_poses_rclcpp_node]: [RemovePassedGoals] odom rx: linear_x=0.2597 m/s
[component_container_isolated-6] [WARN] [1785218467.943059366] [bt_navigator_navigate_through_poses_rclcpp_node]: [RemovePassedGoals] prune removed all goals (was 0), keep previous gpp_goals snapshot count=1
[component_container_isolated-6] [WARN] [1785218467.952152110] [bt_navigator_navigate_through_poses_rclcpp_node]: [RemovePassedGoals] prune removed all goals (was 0), keep previous gpp_goals snapshot count=1
[component_container_isolated-6] [WARN] [1785218467.964104133] [bt_navigator_navigate_through_poses_rclcpp_node]: [RemovePassedGoals] prune removed all goals (was 0), keep previous gpp_goals snapshot count=1
[component_container_isolated-6] [WARN] [1785218467.972639175] [bt_navigator_navigate_through_poses_rclcpp_node]: [RemovePassedGoals] prune removed all goals (was 0), keep previous gpp_goals snapshot count=1
[component_container_isolated-6] [WARN] [1785218467.982132389] [bt_navigator_navigate_through_poses_rclcpp_node]: [RemovePassedGoals] prune removed all goals (was 0), keep previous gpp_goals snapshot count=1
[component_container_isolated-6] [WARN] [1785218467.995428491] [bt_navigator_navigate_through_poses_rclcpp_node]: [RemovePassedGoals] prune removed all goals (was 0), keep previous gpp_goals snapshot count=1
[component_container_isolated-6] [WARN] [1785218468.002365271] [bt_navigator_navigate_through_poses_rclcpp_node]: [RemovePassedGoals] prune removed all goals (was 0), keep previous gpp_goals snapshot count=1
[component_container_isolated-6] [WARN] [1785218468.012990622] [bt_navigator_navigate_through_poses_rclcpp_node]: [RemovePassedGoals] prune removed all goals (was 0), keep previous gpp_goals snapshot count=1
[component_container_isolated-6] [WARN] [1785218468.022903805] [bt_navigator_navigate_through_poses_rclcpp_node]: [RemovePassedGoals] prune removed all goals (was 0), keep previous gpp_goals snapshot count=1
[component_container_isolated-6] [WARN] [1785218468.032172549] [bt_navigator_navigate_through_poses_rclcpp_node]: [RemovePassedGoals] prune removed all goals (was 0), keep previous gpp_goals snapshot count=1
[component_container_isolated-6] [WARN] [1785218468.041078823] [planner_server]: Planner loop missed its desired rate of 20.0000 Hz. Current loop rate is 10.0000 Hz
[component_container_isolated-6] [WARN] [1785218468.042935722] [bt_navigator_navigate_through_poses_rclcpp_node]: [RemovePassedGoals] prune removed all goals (was 0), keep previous gpp_goals snapshot count=1
[component_container_isolated-6] [WARN] [1785218468.052346879] [bt_navigator_navigate_through_poses_rclcpp_node]: [RemovePassedGoals] prune removed all goals (was 0), keep previous gpp_goals snapshot count=1
[component_container_isolated-6] [INFO] [1785218468.087148707] [controller_server]: Passing new path to controller.
[component_container_isolated-6] [WARN] [1785218471.062314847] [bt_navigator_navigate_through_poses_rclcpp_node]: [RemovePassedGoals] prune removed all goals (was 0), keep previous gpp_goals snapshot count=1
[component_container_isolated-6] [WARN] [1785218471.072133065] [bt_navigator_navigate_through_poses_rclcpp_node]: [RemovePassedGoals] prune removed all goals (was 0), keep previous gpp_goals snapshot count=1
[component_container_isolated-6] [WARN] [1785218471.082305904] [bt_navigator_navigate_through_poses_rclcpp_node]: [RemovePassedGoals] prune removed all goals (was 0), keep previous gpp_goals snapshot count=1
[component_container_isolated-6] [WARN] [1785218471.094314641] [bt_navigator_navigate_through_poses_rclcpp_node]: [RemovePassedGoals] prune removed all goals (was 0), keep previous gpp_goals snapshot count=1
[component_container_isolated-6] [WARN] [1785218471.104975922] [bt_navigator_navigate_through_poses_rclcpp_node]: [RemovePassedGoals] prune removed all goals (was 0), keep previous gpp_goals snapshot count=1
[component_container_isolated-6] [WARN] [1785218471.112422279] [bt_navigator_navigate_through_poses_rclcpp_node]: [RemovePassedGoals] prune removed all goals (was 0), keep previous gpp_goals snapshot count=1
[component_container_isolated-6] [WARN] [1785218471.122353836] [bt_navigator_navigate_through_poses_rclcpp_node]: [RemovePassedGoals] prune removed all goals (was 0), keep previous gpp_goals snapshot count=1
[component_container_isolated-6] [WARN] [1785218471.133317809] [bt_navigator_navigate_through_poses_rclcpp_node]: [RemovePassedGoals] prune removed all goals (was 0), keep previous gpp_goals snapshot count=1
[component_container_isolated-6] [WARN] [1785218471.142222680] [bt_navigator_navigate_through_poses_rclcpp_node]: [RemovePassedGoals] prune removed all goals (was 0), keep previous gpp_goals snapshot count=1
[component_container_isolated-6] [INFO] [1785218471.186929362] [controller_server]: Passing new path to controller.
[component_container_isolated-6] [INFO] [1785218474.152151406] [bt_navigator_navigate_through_poses_rclcpp_node]: [RemovePassedGoals] odom rx: linear_x=0.0029 m/s
[component_container_isolated-6] [WARN] [1785218474.152738002] [bt_navigator_navigate_through_poses_rclcpp_node]: [RemovePassedGoals] prune removed all goals (was 0), keep previous gpp_goals snapshot count=1
[component_container_isolated-6] [WARN] [1785218474.164036425] [bt_navigator_navigate_through_poses_rclcpp_node]: [RemovePassedGoals] prune removed all goals (was 0), keep previous gpp_goals snapshot count=1
[component_container_isolated-6] [WARN] [1785218474.172093707] [bt_navigator_navigate_through_poses_rclcpp_node]: [RemovePassedGoals] prune removed all goals (was 0), keep previous gpp_goals snapshot count=1
[component_container_isolated-6] [WARN] [1785218474.182762708] [bt_navigator_navigate_through_poses_rclcpp_node]: [RemovePassedGoals] prune removed all goals (was 0), keep previous gpp_goals snapshot count=1
[component_container_isolated-6] [WARN] [1785218474.192271959] [bt_navigator_navigate_through_poses_rclcpp_node]: [RemovePassedGoals] prune removed all goals (was 0), keep previous gpp_goals snapshot count=1
[component_container_isolated-6] [WARN] [1785218474.202563770] [bt_navigator_navigate_through_poses_rclcpp_node]: [RemovePassedGoals] prune removed all goals (was 0), keep previous gpp_goals snapshot count=1
[component_container_isolated-6] [WARN] [1785218474.213742649] [bt_navigator_navigate_through_poses_rclcpp_node]: [RemovePassedGoals] prune removed all goals (was 0), keep previous gpp_goals snapshot count=1
[component_container_isolated-6] [WARN] [1785218474.222784441] [bt_navigator_navigate_through_poses_rclcpp_node]: [RemovePassedGoals] prune removed all goals (was 0), keep previous gpp_goals snapshot count=1
[component_container_isolated-6] [WARN] [1785218474.227039155] [planner_server]: Planner loop missed its desired rate of 20.0000 Hz. Current loop rate is 10.0000 Hz
[component_container_isolated-6] [WARN] [1785218474.232268088] [bt_navigator_navigate_through_poses_rclcpp_node]: [RemovePassedGoals] prune removed all goals (was 0), keep previous gpp_goals snapshot count=1
[component_container_isolated-6] [WARN] [1785218474.243633540] [bt_navigator_navigate_through_poses_rclcpp_node]: [RemovePassedGoals] prune removed all goals (was 0), keep previous gpp_goals snapshot count=1
[component_container_isolated-6] [INFO] [1785218474.286925721] [controller_server]: Passing new path to controller.
[component_container_isolated-6] [WARN] [1785218477.252589990] [bt_navigator_navigate_through_poses_rclcpp_node]: [RemovePassedGoals] prune removed all goals (was 0), keep previous gpp_goals snapshot count=1
[component_container_isolated-6] [WARN] [1785218477.264898927] [bt_navigator_navigate_through_poses_rclcpp_node]: [RemovePassedGoals] prune removed all goals (was 0), keep previous gpp_goals snapshot count=1
[component_container_isolated-6] [WARN] [1785218477.273059126] [bt_navigator_navigate_through_poses_rclcpp_node]: [RemovePassedGoals] prune removed all goals (was 0), keep previous gpp_goals snapshot count=1
[component_container_isolated-6] [WARN] [1785218477.282168364] [bt_navigator_navigate_through_poses_rclcpp_node]: [RemovePassedGoals] prune removed all goals (was 0), keep previous gpp_goals snapshot count=1
[component_container_isolated-6] [WARN] [1785218477.294203433] [bt_navigator_navigate_through_poses_rclcpp_node]: [RemovePassedGoals] prune removed all goals (was 0), keep previous gpp_goals snapshot count=1
[component_container_isolated-6] [WARN] [1785218477.302227072] [bt_navigator_navigate_through_poses_rclcpp_node]: [RemovePassedGoals] prune removed all goals (was 0), keep previous gpp_goals snapshot count=1
[component_container_isolated-6] [WARN] [1785218477.312796140] [bt_navigator_navigate_through_poses_rclcpp_node]: [RemovePassedGoals] prune removed all goals (was 0), keep previous gpp_goals snapshot count=1
[component_container_isolated-6] [WARN] [1785218477.322886378] [bt_navigator_navigate_through_poses_rclcpp_node]: [RemovePassedGoals] prune removed all goals (was 0), keep previous gpp_goals snapshot count=1
[component_container_isolated-6] [WARN] [1785218477.326981430] [planner_server]: Planner loop missed its desired rate of 20.0000 Hz. Current loop rate is 10.0000 Hz
[component_container_isolated-6] [WARN] [1785218477.332437878] [bt_navigator_navigate_through_poses_rclcpp_node]: [RemovePassedGoals] prune removed all goals (was 0), keep previous gpp_goals snapshot count=1
[component_container_isolated-6] [WARN] [1785218477.343852129] [bt_navigator_navigate_through_poses_rclcpp_node]: [RemovePassedGoals] prune removed all goals (was 0), keep previous gpp_goals snapshot count=1
[component_container_isolated-6] [INFO] [1785218477.386938740] [controller_server]: Passing new path to controller.
[component_container_isolated-6] [INFO] [1785218480.352200604] [bt_navigator_navigate_through_poses_rclcpp_node]: [RemovePassedGoals] odom rx: linear_x=-0.0002 m/s
[component_container_isolated-6] [WARN] [1785218480.352355030] [bt_navigator_navigate_through_poses_rclcpp_node]: [RemovePassedGoals] prune removed all goals (was 0), keep previous gpp_goals snapshot count=1
[component_container_isolated-6] [WARN] [1785218480.363608590] [bt_navigator_navigate_through_poses_rclcpp_node]: [RemovePassedGoals] prune removed all goals (was 0), keep previous gpp_goals snapshot count=1
[component_container_isolated-6] [WARN] [1785218480.372812320] [bt_navigator_navigate_through_poses_rclcpp_node]: [RemovePassedGoals] prune removed all goals (was 0), keep previous gpp_goals snapshot count=1
[component_container_isolated-6] [WARN] [1785218480.382196065] [bt_navigator_navigate_through_poses_rclcpp_node]: [RemovePassedGoals] prune removed all goals (was 0), keep previous gpp_goals snapshot count=1
[component_container_isolated-6] [WARN] [1785218480.395364612] [bt_navigator_navigate_through_poses_rclcpp_node]: [RemovePassedGoals] prune removed all goals (was 0), keep previous gpp_goals snapshot count=1
[component_container_isolated-6] [WARN] [1785218480.402099373] [bt_navigator_navigate_through_poses_rclcpp_node]: [RemovePassedGoals] prune removed all goals (was 0), keep previous gpp_goals snapshot count=1
[component_container_isolated-6] [WARN] [1785218480.413275441] [bt_navigator_navigate_through_poses_rclcpp_node]: [RemovePassedGoals] prune removed all goals (was 0), keep previous gpp_goals snapshot count=1
[component_container_isolated-6] [WARN] [1785218480.422377977] [bt_navigator_navigate_through_poses_rclcpp_node]: [RemovePassedGoals] prune removed all goals (was 0), keep previous gpp_goals snapshot count=1
[component_container_isolated-6] [WARN] [1785218480.432431399] [bt_navigator_navigate_through_poses_rclcpp_node]: [RemovePassedGoals] prune removed all goals (was 0), keep previous gpp_goals snapshot count=1
[component_container_isolated-6] [WARN] [1785218480.446274877] [bt_navigator_navigate_through_poses_rclcpp_node]: [RemovePassedGoals] prune removed all goals (was 0), keep previous gpp_goals snapshot count=1
[component_container_isolated-6] [INFO] [1785218480.487625253] [controller_server]: Passing new path to controller.
[component_container_isolated-6] [INFO] [1785218483.296132442] [controller_server]: Reached the goal!
[component_container_isolated-6] [INFO] [1785218483.332112400] [bt_navigator]: Navigate through poses completed with status 0, publishing empty mission_poses
[component_container_isolated-6] [INFO] [1785218483.332231458] [bt_navigator]: Goal succeeded
[component_container_isolated-6] [INFO] [1785218591.202796891] [amcl]: initialPoseReceived
[component_container_isolated-6] [INFO] [1785218591.202897185] [amcl]: Setting pose (258.500000): -1.997 -1.498 0.002
[component_container_isolated-6] [INFO] [1785218591.323842938] [amcl]: initialPoseReceived
[component_container_isolated-6] [INFO] [1785218591.323981862] [amcl]: Setting pose (258.600000): -1.997 -1.498 0.002
[component_container_isolated-6] [INFO] [1785218591.432058363] [amcl]: initialPoseReceived
[component_container_isolated-6] [WARN] [1785218591.432262479] [amcl]: Failed to transform initial pose in time (Lookup would require extrapolation into the future.  Requested time 258.800000 but the latest data is at time 258.771000, when looking up transform from frame [base_footprint] to frame [odom])
[component_container_isolated-6] [INFO] [1785218591.432293837] [amcl]: Setting pose (258.800000): -1.997 -1.498 0.002
[component_container_isolated-6] [INFO] [1785218591.524283244] [amcl]: initialPoseReceived
[component_container_isolated-6] [WARN] [1785218591.524387493] [amcl]: Failed to transform initial pose in time (Lookup would require extrapolation into the future.  Requested time 258.900000 but the latest data is at time 258.873000, when looking up transform from frame [base_footprint] to frame [odom])
[component_container_isolated-6] [INFO] [1785218591.524396704] [amcl]: Setting pose (258.900000): -1.997 -1.498 0.002
[component_container_isolated-6] [INFO] [1785218591.626089238] [amcl]: initialPoseReceived
[component_container_isolated-6] [WARN] [1785218591.626165997] [amcl]: Failed to transform initial pose in time (Lookup would require extrapolation into the future.  Requested time 259.000000 but the latest data is at time 258.975000, when looking up transform from frame [base_footprint] to frame [odom])
[component_container_isolated-6] [INFO] [1785218591.626178010] [amcl]: Setting pose (259.000000): -1.997 -1.498 0.002
[component_container_isolated-6] [INFO] [1785218591.732629195] [amcl]: initialPoseReceived
[component_container_isolated-6] [WARN] [1785218591.732726348] [amcl]: Failed to transform initial pose in time (Lookup would require extrapolation into the future.  Requested time 259.100000 but the latest data is at time 259.077000, when looking up transform from frame [base_footprint] to frame [odom])
[component_container_isolated-6] [INFO] [1785218591.732798013] [amcl]: Setting pose (259.100000): -1.997 -1.498 0.002
[component_container_isolated-6] [INFO] [1785218591.831521472] [amcl]: initialPoseReceived
[component_container_isolated-6] [WARN] [1785218591.831633338] [amcl]: Failed to transform initial pose in time (Lookup would require extrapolation into the future.  Requested time 259.200000 but the latest data is at time 259.179000, when looking up transform from frame [base_footprint] to frame [odom])
[component_container_isolated-6] [INFO] [1785218591.831644520] [amcl]: Setting pose (259.200000): -1.997 -1.498 0.002
[component_container_isolated-6] [INFO] [1785218591.933052178] [amcl]: initialPoseReceived
[component_container_isolated-6] [INFO] [1785218591.933105406] [amcl]: Setting pose (259.200000): -1.997 -1.498 0.002
[component_container_isolated-6] [INFO] [1785218592.044700394] [amcl]: initialPoseReceived
[component_container_isolated-6] [WARN] [1785218592.044817069] [amcl]: Failed to transform initial pose in time (Lookup would require extrapolation into the future.  Requested time 259.400000 but the latest data is at time 259.383000, when looking up transform from frame [base_footprint] to frame [odom])
[component_container_isolated-6] [INFO] [1785218592.044830972] [amcl]: Setting pose (259.400000): -1.997 -1.498 0.002
[component_container_isolated-6] [INFO] [1785218592.144801337] [amcl]: initialPoseReceived
[component_container_isolated-6] [WARN] [1785218592.144913284] [amcl]: Failed to transform initial pose in time (Lookup would require extrapolation into the future.  Requested time 259.500000 but the latest data is at time 259.485000, when looking up transform from frame [base_footprint] to frame [odom])
[component_container_isolated-6] [INFO] [1785218592.144970933] [amcl]: Setting pose (259.500000): -1.997 -1.498 0.002
[component_container_isolated-6] [INFO] [1785218592.243859344] [amcl]: initialPoseReceived
[component_container_isolated-6] [WARN] [1785218592.243953345] [amcl]: Failed to transform initial pose in time (Lookup would require extrapolation into the future.  Requested time 259.600000 but the latest data is at time 259.587000, when looking up transform from frame [base_footprint] to frame [odom])
[component_container_isolated-6] [INFO] [1785218592.243966288] [amcl]: Setting pose (259.600000): -1.997 -1.498 0.002
[component_container_isolated-6] [INFO] [1785218592.345213703] [amcl]: initialPoseReceived
[component_container_isolated-6] [INFO] [1785218592.345261643] [amcl]: Setting pose (259.600000): -1.997 -1.498 0.002
[component_container_isolated-6] [INFO] [1785218592.451699812] [amcl]: initialPoseReceived
[component_container_isolated-6] [WARN] [1785218592.451838995] [amcl]: Failed to transform initial pose in time (Lookup would require extrapolation into the future.  Requested time 259.800000 but the latest data is at time 259.791000, when looking up transform from frame [base_footprint] to frame [odom])
[component_container_isolated-6] [INFO] [1785218592.451854369] [amcl]: Setting pose (259.800000): -1.997 -1.498 0.002
[component_container_isolated-6] [INFO] [1785218592.553423827] [amcl]: initialPoseReceived
[component_container_isolated-6] [INFO] [1785218592.553523041] [amcl]: Setting pose (259.800000): -1.997 -1.498 0.002
[component_container_isolated-6] [INFO] [1785218592.661867741] [amcl]: initialPoseReceived
[component_container_isolated-6] [INFO] [1785218592.661932534] [amcl]: Setting pose (259.900000): -1.997 -1.498 0.002
[component_container_isolated-6] [INFO] [1785218592.766440070] [amcl]: initialPoseReceived
[component_container_isolated-6] [WARN] [1785218592.766533990] [amcl]: Failed to transform initial pose in time (Lookup would require extrapolation into the future.  Requested time 260.100000 but the latest data is at time 260.097000, when looking up transform from frame [base_footprint] to frame [odom])
[component_container_isolated-6] [INFO] [1785218592.766544092] [amcl]: Setting pose (260.100000): -1.997 -1.498 0.002
[component_container_isolated-6] [INFO] [1785218592.871297169] [amcl]: initialPoseReceived
[component_container_isolated-6] [WARN] [1785218592.871385565] [amcl]: Failed to transform initial pose in time (Lookup would require extrapolation into the future.  Requested time 260.200000 but the latest data is at time 260.199000, when looking up transform from frame [base_footprint] to frame [odom])
[component_container_isolated-6] [INFO] [1785218592.871396894] [amcl]: Setting pose (260.200000): -1.997 -1.498 0.002
[component_container_isolated-6] [INFO] [1785218592.972057904] [amcl]: initialPoseReceived
[component_container_isolated-6] [INFO] [1785218592.972126967] [amcl]: Setting pose (260.200000): -1.997 -1.498 0.002
[component_container_isolated-6] [INFO] [1785218593.079059001] [amcl]: initialPoseReceived
[component_container_isolated-6] [INFO] [1785218593.079136911] [amcl]: Setting pose (260.300000): -1.997 -1.498 0.002
[component_container_isolated-6] [INFO] [1785218593.183311540] [amcl]: initialPoseReceived
[component_container_isolated-6] [WARN] [1785218593.183383407] [amcl]: Failed to transform initial pose in time (Lookup would require extrapolation into the future.  Requested time 260.500000 but the latest data is at time 260.471000, when looking up transform from frame [base_footprint] to frame [odom])
[component_container_isolated-6] [INFO] [1785218593.183392917] [amcl]: Setting pose (260.500000): -1.997 -1.498 0.002
[component_container_isolated-6] [INFO] [1785218593.284993751] [amcl]: initialPoseReceived
[component_container_isolated-6] [INFO] [1785218593.285098923] [amcl]: Setting pose (260.500000): -1.997 -1.498 0.002
[component_container_isolated-6] [INFO] [1785218593.399643582] [amcl]: initialPoseReceived
[component_container_isolated-6] [WARN] [1785218593.399750998] [amcl]: Failed to transform initial pose in time (Lookup would require extrapolation into the future.  Requested time 260.700000 but the latest data is at time 260.675000, when looking up transform from frame [base_footprint] to frame [odom])
[component_container_isolated-6] [INFO] [1785218593.399761744] [amcl]: Setting pose (260.700000): -1.997 -1.498 0.002
[component_container_isolated-6] [INFO] [1785218593.502849270] [amcl]: initialPoseReceived
[component_container_isolated-6] [WARN] [1785218593.503028359] [amcl]: Failed to transform initial pose in time (Lookup would require extrapolation into the future.  Requested time 260.800000 but the latest data is at time 260.777000, when looking up transform from frame [base_footprint] to frame [odom])
[component_container_isolated-6] [INFO] [1785218593.503044862] [amcl]: Setting pose (260.800000): -1.997 -1.498 0.002
[component_container_isolated-6] [INFO] [1785218593.609137859] [amcl]: initialPoseReceived
[component_container_isolated-6] [INFO] [1785218593.609258723] [amcl]: Setting pose (260.800000): -1.997 -1.498 0.002
[component_container_isolated-6] [INFO] [1785218593.712813465] [amcl]: initialPoseReceived
[component_container_isolated-6] [WARN] [1785218593.712880800] [amcl]: Failed to transform initial pose in time (Lookup would require extrapolation into the future.  Requested time 261.000000 but the latest data is at time 260.981000, when looking up transform from frame [base_footprint] to frame [odom])
[component_container_isolated-6] [INFO] [1785218593.712890705] [amcl]: Setting pose (261.000000): -1.997 -1.498 0.002
[component_container_isolated-6] [INFO] [1785218595.830859063] [bt_navigator]: Begin navigating from current location through 11 poses to (0.23, 1.84)
[component_container_isolated-6] [INFO] [1785218595.831011936] [bt_navigator_navigate_through_poses_rclcpp_node]: InsertGarbagePose: new mission stamp detected, cleared history and garbage list
[component_container_isolated-6] [INFO] [1785218595.831058079] [bt_navigator_navigate_through_poses_rclcpp_node]: [RemovePassedGoals] odom rx: linear_x=-0.0000 m/s
[component_container_isolated-6] [INFO] [1785218595.831102894] [bt_navigator_navigate_through_poses_rclcpp_node]: [RemovePassedGoals] mission identity changed (tail_stamp_fp=ecc693d8739e147e): reload queue size=11
[component_container_isolated-6] [INFO] [1785218595.831154953] [bt_navigator_navigate_through_poses_rclcpp_node]: [RemovePassedGoals] init gpp batch z=[0,10] mission_goals=11
[component_container_isolated-6] [INFO] [1785218595.831164603] [bt_navigator_navigate_through_poses_rclcpp_node]: [RemovePassedGoals] terminal goal z=10 entered gpp window: stamp freeze active
[component_container_isolated-6] [INFO] [1785218595.841465325] [bt_navigator_navigate_through_poses_rclcpp_node]: [RemovePassedGoals] In tail segment, add to passed_pose_indexes index: 0
[component_container_isolated-6] [WARN] [1785218596.384236755] [planner_server]: Planner loop missed its desired rate of 20.0000 Hz. Current loop rate is 2.0000 Hz
[component_container_isolated-6] [INFO] [1785218596.402830796] [bt_navigator_navigate_through_poses_rclcpp_node]: FollowPathAction: input_goals not provided, using path poses as goals
[component_container_isolated-6] [INFO] [1785218596.404502795] [controller_server]: Received a goal, begin computing control effort.
[component_container_isolated-6] [INFO] [1785218599.761182332] [bt_navigator_navigate_through_poses_rclcpp_node]: [RemovePassedGoals] In tail segment, add to passed_pose_indexes index: 1
[component_container_isolated-6] [WARN] [1785218600.149320656] [planner_server]: Planner loop missed its desired rate of 20.0000 Hz. Current loop rate is 1.4286 Hz
[component_container_isolated-6] [INFO] [1785218600.206777271] [controller_server]: Passing new path to controller.
[component_container_isolated-6] [INFO] [1785218601.931333743] [bt_navigator_navigate_through_poses_rclcpp_node]: InsertGarbagePose: head-insert resume_from=0 remain=6 (mid=0 forward=1 far=0)
[component_container_isolated-6] [INFO] [1785218601.931658528] [bt_navigator_navigate_through_poses_rclcpp_node]: InsertGarbagePose: inserted garbage once at (4.00, 2.00), will not re-insert
[component_container_isolated-6] [INFO] [1785218603.174847088] [bt_navigator_navigate_through_poses_rclcpp_node]: [RemovePassedGoals] odom rx: linear_x=0.2601 m/s
[component_container_isolated-6] [INFO] [1785218603.174975991] [bt_navigator_navigate_through_poses_rclcpp_node]: [RemovePassedGoals] mission identity changed (tail_stamp_fp=a2136e31623aa3fc): reload queue size=6
[component_container_isolated-6] [INFO] [1785218603.175050901] [bt_navigator_navigate_through_poses_rclcpp_node]: [RemovePassedGoals] init gpp batch z=[0,10] mission_goals=6
[component_container_isolated-6] [INFO] [1785218603.175064719] [bt_navigator_navigate_through_poses_rclcpp_node]: [RemovePassedGoals] terminal goal z=10 entered gpp window: stamp freeze active
[component_container_isolated-6] [WARN] [1785218603.435903827] [planner_server]: Planner loop missed its desired rate of 20.0000 Hz. Current loop rate is 3.3333 Hz
[component_container_isolated-6] [INFO] [1785218603.455073215] [controller_server]: Passing new path to controller.
[component_container_isolated-6] [WARN] [1785218606.665918514] [planner_server]: Planner loop missed its desired rate of 20.0000 Hz. Current loop rate is 5.0000 Hz
[component_container_isolated-6] [INFO] [1785218606.704981142] [controller_server]: Passing new path to controller.
[component_container_isolated-6] [INFO] [1785218609.691544030] [bt_navigator_navigate_through_poses_rclcpp_node]: [RemovePassedGoals] odom rx: linear_x=0.2465 m/s
[component_container_isolated-6] [WARN] [1785218609.929143873] [planner_server]: Planner loop missed its desired rate of 20.0000 Hz. Current loop rate is 5.0000 Hz
[component_container_isolated-6] [INFO] [1785218609.954960728] [controller_server]: Passing new path to controller.
[component_container_isolated-6] [WARN] [1785218613.214408634] [planner_server]: Planner loop missed its desired rate of 20.0000 Hz. Current loop rate is 10.0000 Hz
[component_container_isolated-6] [INFO] [1785218613.256273262] [controller_server]: Passing new path to controller.
[component_container_isolated-6] [INFO] [1785218616.241321500] [bt_navigator_navigate_through_poses_rclcpp_node]: [RemovePassedGoals] odom rx: linear_x=0.2464 m/s
[component_container_isolated-6] [INFO] [1785218616.242090472] [bt_navigator_navigate_through_poses_rclcpp_node]: [RemovePassedGoals] In tail segment, add to passed_pose_indexes index: 6
[component_container_isolated-6] [INFO] [1785218616.251226874] [bt_navigator_navigate_through_poses_rclcpp_node]: [RemovePassedGoals] In tail segment, add to passed_pose_indexes index: 8
[component_container_isolated-6] [INFO] [1785218616.261902373] [bt_navigator_navigate_through_poses_rclcpp_node]: [RemovePassedGoals] In tail segment, add to passed_pose_indexes index: 9
[component_container_isolated-6] [WARN] [1785218616.369405807] [planner_server]: Planner loop missed its desired rate of 20.0000 Hz. Current loop rate is 10.0000 Hz
[component_container_isolated-6] [INFO] [1785218616.404933117] [controller_server]: Passing new path to controller.
[component_container_isolated-6] [INFO] [1785218619.455602586] [controller_server]: Passing new path to controller.
[rviz2-5] [INFO] [1785218622.269351592] [rviz]: Message Filter dropping message: frame 'odom' at time 287.127 for reason 'discarding message because the queue is full'
[rviz2-5] [INFO] [1785218622.333079233] [rviz]: Message Filter dropping message: frame 'odom' at time 287.161 for reason 'discarding message because the queue is full'
[rviz2-5] [INFO] [1785218622.366689139] [rviz]: Message Filter dropping message: frame 'odom' at time 287.195 for reason 'discarding message because the queue is full'
[rviz2-5] [INFO] [1785218622.429630317] [rviz]: Message Filter dropping message: frame 'odom' at time 287.263 for reason 'discarding message because the queue is full'
[component_container_isolated-6] [INFO] [1785218622.461175481] [bt_navigator_navigate_through_poses_rclcpp_node]: [RemovePassedGoals] odom rx: linear_x=0.2623 m/s
[component_container_isolated-6] [INFO] [1785218622.461397370] [bt_navigator_navigate_through_poses_rclcpp_node]: [RemovePassedGoals] In tail segment, add to passed_pose_indexes index: 10
[component_container_isolated-6] [INFO] [1785218622.461428072] [bt_navigator_navigate_through_poses_rclcpp_node]: [RemovePassedGoals] init gpp batch z=[0,10] mission_goals=0
[component_container_isolated-6] [WARN] [1785218622.461435461] [bt_navigator_navigate_through_poses_rclcpp_node]: [RemovePassedGoals] prune removed all goals (was 0), keep previous gpp_goals snapshot count=1
[rviz2-5] [INFO] [1785218622.461619136] [rviz]: Message Filter dropping message: frame 'odom' at time 287.297 for reason 'discarding message because the queue is full'
[component_container_isolated-6] [WARN] [1785218622.471926667] [bt_navigator_navigate_through_poses_rclcpp_node]: [RemovePassedGoals] prune removed all goals (was 0), keep previous gpp_goals snapshot count=1
[component_container_isolated-6] [WARN] [1785218622.481213528] [bt_navigator_navigate_through_poses_rclcpp_node]: [RemovePassedGoals] prune removed all goals (was 0), keep previous gpp_goals snapshot count=1
[component_container_isolated-6] [WARN] [1785218622.492350695] [bt_navigator_navigate_through_poses_rclcpp_node]: [RemovePassedGoals] prune removed all goals (was 0), keep previous gpp_goals snapshot count=1
[component_container_isolated-6] [WARN] [1785218622.501501742] [bt_navigator_navigate_through_poses_rclcpp_node]: [RemovePassedGoals] prune removed all goals (was 0), keep previous gpp_goals snapshot count=1
[component_container_isolated-6] [WARN] [1785218622.511148722] [bt_navigator_navigate_through_poses_rclcpp_node]: [RemovePassedGoals] prune removed all goals (was 0), keep previous gpp_goals snapshot count=1
[rviz2-5] [INFO] [1785218622.525333676] [rviz]: Message Filter dropping message: frame 'odom' at time 287.365 for reason 'discarding message because the queue is full'
[component_container_isolated-6] [INFO] [1785218622.556484547] [controller_server]: Passing new path to controller.
[rviz2-5] [INFO] [1785218622.589681954] [rviz]: Message Filter dropping message: frame 'odom' at time 287.399 for reason 'discarding message because the queue is full'
[rviz2-5] [INFO] [1785218622.620752928] [rviz]: Message Filter dropping message: frame 'odom' at time 287.467 for reason 'discarding message because the queue is full'
[component_container_isolated-6] [WARN] [1785218625.521975586] [bt_navigator_navigate_through_poses_rclcpp_node]: [RemovePassedGoals] prune removed all goals (was 0), keep previous gpp_goals snapshot count=1
[component_container_isolated-6] [WARN] [1785218625.531396401] [bt_navigator_navigate_through_poses_rclcpp_node]: [RemovePassedGoals] prune removed all goals (was 0), keep previous gpp_goals snapshot count=1
[component_container_isolated-6] [WARN] [1785218625.542600609] [bt_navigator_navigate_through_poses_rclcpp_node]: [RemovePassedGoals] prune removed all goals (was 0), keep previous gpp_goals snapshot count=1
[component_container_isolated-6] [WARN] [1785218625.552358059] [bt_navigator_navigate_through_poses_rclcpp_node]: [RemovePassedGoals] prune removed all goals (was 0), keep previous gpp_goals snapshot count=1
[component_container_isolated-6] [WARN] [1785218625.561308772] [bt_navigator_navigate_through_poses_rclcpp_node]: [RemovePassedGoals] prune removed all goals (was 0), keep previous gpp_goals snapshot count=1
[component_container_isolated-6] [WARN] [1785218625.572469968] [bt_navigator_navigate_through_poses_rclcpp_node]: [RemovePassedGoals] prune removed all goals (was 0), keep previous gpp_goals snapshot count=1
[component_container_isolated-6] [WARN] [1785218625.574341810] [planner_server]: Planner loop missed its desired rate of 20.0000 Hz. Current loop rate is 10.0000 Hz
[component_container_isolated-6] [WARN] [1785218625.581484675] [bt_navigator_navigate_through_poses_rclcpp_node]: [RemovePassedGoals] prune removed all goals (was 0), keep previous gpp_goals snapshot count=1
[component_container_isolated-6] [WARN] [1785218625.592293311] [bt_navigator_navigate_through_poses_rclcpp_node]: [RemovePassedGoals] prune removed all goals (was 0), keep previous gpp_goals snapshot count=1
[component_container_isolated-6] [INFO] [1785218625.604968369] [controller_server]: Passing new path to controller.
[component_container_isolated-6] [INFO] [1785218628.601304123] [bt_navigator_navigate_through_poses_rclcpp_node]: [RemovePassedGoals] odom rx: linear_x=0.2601 m/s
[component_container_isolated-6] [WARN] [1785218628.601475346] [bt_navigator_navigate_through_poses_rclcpp_node]: [RemovePassedGoals] prune removed all goals (was 0), keep previous gpp_goals snapshot count=1
[component_container_isolated-6] [WARN] [1785218628.612470518] [bt_navigator_navigate_through_poses_rclcpp_node]: [RemovePassedGoals] prune removed all goals (was 0), keep previous gpp_goals snapshot count=1
[component_container_isolated-6] [WARN] [1785218628.621478573] [bt_navigator_navigate_through_poses_rclcpp_node]: [RemovePassedGoals] prune removed all goals (was 0), keep previous gpp_goals snapshot count=1
[component_container_isolated-6] [WARN] [1785218628.631888415] [bt_navigator_navigate_through_poses_rclcpp_node]: [RemovePassedGoals] prune removed all goals (was 0), keep previous gpp_goals snapshot count=1
[component_container_isolated-6] [WARN] [1785218628.641107907] [bt_navigator_navigate_through_poses_rclcpp_node]: [RemovePassedGoals] prune removed all goals (was 0), keep previous gpp_goals snapshot count=1
[component_container_isolated-6] [WARN] [1785218628.651856756] [bt_navigator_navigate_through_poses_rclcpp_node]: [RemovePassedGoals] prune removed all goals (was 0), keep previous gpp_goals snapshot count=1
[component_container_isolated-6] [WARN] [1785218628.661257105] [bt_navigator_navigate_through_poses_rclcpp_node]: [RemovePassedGoals] prune removed all goals (was 0), keep previous gpp_goals snapshot count=1
[component_container_isolated-6] [WARN] [1785218628.671975378] [bt_navigator_navigate_through_poses_rclcpp_node]: [RemovePassedGoals] prune removed all goals (was 0), keep previous gpp_goals snapshot count=1
[component_container_isolated-6] [WARN] [1785218628.681201558] [bt_navigator_navigate_through_poses_rclcpp_node]: [RemovePassedGoals] prune removed all goals (was 0), keep previous gpp_goals snapshot count=1
[component_container_isolated-6] [INFO] [1785218628.706323122] [controller_server]: Passing new path to controller.
[component_container_isolated-6] [WARN] [1785218631.693246372] [bt_navigator_navigate_through_poses_rclcpp_node]: [RemovePassedGoals] prune removed all goals (was 0), keep previous gpp_goals snapshot count=1
[component_container_isolated-6] [WARN] [1785218631.701858113] [bt_navigator_navigate_through_poses_rclcpp_node]: [RemovePassedGoals] prune removed all goals (was 0), keep previous gpp_goals snapshot count=1
[component_container_isolated-6] [WARN] [1785218631.711149835] [bt_navigator_navigate_through_poses_rclcpp_node]: [RemovePassedGoals] prune removed all goals (was 0), keep previous gpp_goals snapshot count=1
[component_container_isolated-6] [WARN] [1785218631.722879838] [bt_navigator_navigate_through_poses_rclcpp_node]: [RemovePassedGoals] prune removed all goals (was 0), keep previous gpp_goals snapshot count=1
[component_container_isolated-6] [WARN] [1785218631.731220637] [bt_navigator_navigate_through_poses_rclcpp_node]: [RemovePassedGoals] prune removed all goals (was 0), keep previous gpp_goals snapshot count=1
[component_container_isolated-6] [WARN] [1785218631.741291736] [bt_navigator_navigate_through_poses_rclcpp_node]: [RemovePassedGoals] prune removed all goals (was 0), keep previous gpp_goals snapshot count=1
[component_container_isolated-6] [INFO] [1785218631.757842234] [controller_server]: Passing new path to controller.
[component_container_isolated-6] [INFO] [1785218634.057367520] [controller_server]: Reached the goal!
[component_container_isolated-6] [INFO] [1785218634.091118878] [bt_navigator]: Navigate through poses completed with status 0, publishing empty mission_poses
[component_container_isolated-6] [INFO] [1785218634.091179196] [bt_navigator]: Goal succeeded
